id,movie_id,company_id,company_type_id,note
1764537,1590900,3232,2,
1589597,1073093,84,2,
2415217,2321279,62018,2,
257664,1083053,69,1,(1974) (Spain) (TV)
1476636,690984,6161,2,
1286866,45045,3851,2,
1054546,2325935,24392,1,(19??) (Brazil) (VHS)
2193063,2077035,177667,2,
1023671,2294892,10999,1,(2007) (Czech Republic) (all media)
1678489,1335896,4599,2,
731569,1972248,7848,1,(2004) (Brazil) (VHS)
2406114,2310948,846,2,
1766354,1603963,44,2,
1262765,2511654,7634,1,(2013) (Greece) (theatrical)
701816,1942425,14709,1,(1918) (USA) (theatrical)
2455180,2364372,58785,2,
1954089,1830106,68,2,
2528262,2441049,2805,2,
453816,1677177,11386,1,(1934) (UK) (theatrical)
1848780,1717554,7314,2,(support)
1667593,1314168,836,2,
1195491,2436661,9944,1,(1984) (USA) (video)
1273940,2524964,133,1,(2009) (Japan) (TV)
2215612,2100809,11623,2,
2569149,2482941,99490,2,
1885713,1758620,21170,2,
563932,1792794,13457,1,(2005) (France) (theatrical)
1595586,1088205,7575,2,(with the participation of)
2125194,2015458,168722,2,
1056515,2327805,14035,1,(1937) (USA) (with brief English intertitles added)
788793,2048712,64,1,(2010) (Spain) (TV)
603206,1835237,18808,1,(2013) (USA) (all media)
2172540,2058802,37342,2,
2575466,2489065,43744,2,
2125498,2015839,466,2,
1928234,1804410,13619,2,
920246,2182544,18630,1,(1904) (USA) (theatrical)
944821,2210709,252,1,(2008) (Netherlands) (TV)
700936,1941533,3827,1,(????) (USA) (DVD)
1974937,1851532,11387,2,(for)
318378,1307455,9820,1,(2011) (USA) (TV)
1590288,1073470,2586,2,
76248,308957,4244,1,(2008) (UK) (DVD)
385001,1497772,6,1,(1980) (USA) (TV)
945170,2211050,2561,1,
2514278,2425459,115648,2,
2463997,2373708,217064,2,
586897,1815960,10635,1,(2003) (USA) (theatrical)
468412,1693728,16441,1,(2006) (South Korea) (theatrical)
1685306,1350582,4226,2,
1106943,2370010,2541,1,(2005) (Finland) (VHS) (DVD)
2182193,2066649,34755,2,
1295041,79180,51063,2,
2176039,2061425,76717,2,
89661,353053,67,1,(1996) (Germany) (TV)
2140838,2031392,11203,2,(as S.C.A.G.L.)
2402549,2307074,41654,2,
1291545,65477,72267,2,
1565028,993906,71124,2,
379402,1473488,5,1,
2272220,2162776,94818,2,
1611065,1133045,6893,2,
708772,1949306,34,1,(2009) (USA) (DVD)
803848,2053957,11758,1,(2000) (worldwide) (all media)
1472971,676682,73691,2,
1124469,2382295,519,1,
1164613,2411751,451,1,(2006) (UK) (DVD)
2055964,1940506,11147,2,
2270558,2161148,95156,2,
300526,1244481,6,1,(1983) (USA) (TV)
1454307,613406,71609,2,
1974030,1850706,22449,2,
2152616,2040427,172434,2,
729883,1970612,17061,1,(1940) (Chile) (theatrical)
1301411,108052,73041,2,
330929,1342393,19,1,(1966) (USA) (TV)
1247256,2495424,4803,1,(2008) (USA) (DVD)
945257,2211254,13874,1,(1959) (USA) (theatrical) (Spanish language only)
1885747,1758664,122597,2,
2277358,2168229,66006,2,(in association with) (as Village Roadshow Pictures)
1419265,506401,79023,2,
1089947,2357087,12688,1,(191958) (France) (theatrical)
990541,2260433,18824,1,(1985) (USA) (dubbed)
467183,1692221,8678,1,(2007) (India) (TV)
66990,262276,27,1,(2007) (worldwide) (all media)
355289,1398766,6,1,(1957) (USA) (TV) (original airing)
1362582,298255,74404,2,
272745,1137902,19,1,(1991) (USA) (TV)
850862,2103490,13092,1,(France)
1601205,1099494,666,2,
514228,1742057,10584,1,(2012) (Bhutan) (TV)
644985,1884785,12627,1,(1998) (worldwide) (all media)
385602,1499837,2424,1,(2012) (Netherlands) (TV) (HBO3) (limited)
2391197,2294399,207058,2,
2109242,1998129,166062,2,
598547,1830381,228,1,(2006) (Germany) (DVD) (Karl Max Edition 3 - Mexiko Box) (2 DVD's)
1025064,2296346,7054,1,(2001) (worldwide) (DVD)
1609003,1128177,708,2,(co-production)
2548543,2462021,17460,2,
1205471,2447236,12006,1,(2008) (Canada) (theatrical)
1708967,1408834,9749,2,
2607615,2524186,99141,2,
591510,1821386,18606,1,(1959) (USA) (theatrical) (dubbed)
2106311,1995198,132687,2,
1053981,2325290,475,1,(1947) (USA) (theatrical) (re-release)
35315,148577,160,1,(1968) (USA) (TV)
28206,135219,27,1,(1968) (UK) (TV)
761424,2004440,12473,1,(2012) (Switzerland) (all media)
1968974,1845352,125950,2,
2044009,1927553,41460,2,
1682156,1343559,19,2,(in association with)
1855443,1724784,11,2,
1236582,2484562,14060,1,(1902) (USA) (theatrical)
888356,2144876,3889,1,(2010) (worldwide) (all media)
2221086,2106445,90019,2,
2501081,2411954,221863,2,(presented by)
1057749,2328912,14060,1,(1907) (USA) (theatrical)
2310375,2204736,47072,2,
1820422,1686142,105697,2,
2220767,2106019,42562,2,
774275,2020071,5223,1,(2011) (Switzerland) (DVD)
296351,1230386,774,1,(2011) (Australia) (all media)
1796585,1660614,34391,2,
651657,1891930,14105,1,(1916) (USA) (theatrical)
379177,1472683,502,1,
841670,2093213,50897,1,(2013) (USA) (all media)
436087,1657793,11271,1,(1945) (USA) (theatrical) (re-release)
2426833,2333517,61476,2,
690849,1931262,35202,1,(2003) (USA) (DVD)
1713821,1419310,27,2,
308572,1275850,1402,1,(2006) (USA) (DVD) (final season)
2293204,2185625,23282,2,
2378243,2279813,1055,2,(co-production)
1028322,2299919,1736,1,(2006) (Brazil) (DVD)
942949,2208633,428,1,(2010) (USA) (DVD)
1210323,2452212,13114,1,(2012) (USA) (DVD)
603296,1835334,35059,1,(2009) (worldwide) (DVD)
947828,2214756,2,1,(2006) (worldwide) (video)
372395,1446815,11,1,(2001) (USA) (all media)
2284231,2175752,191599,2,
2308937,2203169,33063,2,
823301,2073304,2589,1,(2011) (Netherlands) (DVD) (Blu-ray)
2430478,2338026,18790,2,
2019693,1901144,88343,2,
903869,2162488,73,1,(1973) (Denmark) (TV)
862890,2116964,41890,1,(2012) (Japan) (theatrical)
1986505,1864321,45800,2,
1192322,2433400,1347,1,(2000) (Germany) (DVD) (VHS)
678196,1918782,5190,1,(USA) (VHS)
1887244,1760122,122952,2,
746977,1988545,475,1,
132279,551734,160,1,(1988) (USA) (TV) (original airing)
747088,1988657,22224,1,(1979) (West Germany) (all media)
1392893,447014,73695,2,
1812739,1677388,25367,2,
551276,1779751,30463,1,(2004) (USA) (DVD)
2017050,1897992,14060,2,
1742789,1523387,63508,2,
1106070,2369460,14513,1,(1932) (UK) (theatrical)
581738,1810821,33166,1,(2011) (Canada) (video)
1197554,2439273,7540,1,(2004) (Brazil) (VHS)
1352962,271604,596,2,
1001424,2271417,16279,1,(2007) (worldwide) (DVD)
701419,1942075,1684,1,(????) (USA) (DVD)
610609,1843550,12493,1,(2008) (worldwide) (DVD)
935665,2200407,11319,1,(????) (USA) (DVD)
2037385,1920370,19207,2,
1611228,1133217,74198,2,
1506727,806448,166,2,
893993,2151777,11774,1,(2011) (worldwide) (DVD)
169435,711861,358,1,(2009) (USA) (TV)
1743693,1525219,73,2,
1109313,2371730,11319,1,(2006) (USA) (DVD)
1185228,2427355,11167,1,(1989) (USA) (video) (re-release)
1452293,598603,80355,2,
2081051,1969596,161429,2,
1678120,1335353,86353,2,
1110559,2372480,11137,1,(1915) (USA) (theatrical)
1427121,529427,71609,2,
441218,1663288,6726,1,(2012) (France) (theatrical)
2280015,2171092,154011,2,
2043640,1927129,24881,2,
363070,1418066,49,1,(2003) (USA) (TV)
407603,1596537,82,1,(2005) (Japan) (TV)
1220900,2464784,24064,1,(1937) (USA) (theatrical) (states rights system)
1096380,2361793,11385,1,(1903) (USA) (theatrical)
1805581,1669612,92492,2,(co-production)
158313,656211,160,1,(1966) (USA) (TV)
1712827,1418058,424,2,
1684026,1348394,1284,2,
813495,2063087,26216,1,(France)
722937,1963048,573,1,(2011) (Belgium) (DVD)
207363,864634,69,1,(1977) (Spain) (TV)
2099249,1987552,11349,2,
2021534,1903007,100440,2,
1554660,953462,3232,2,
2157919,2045340,87323,2,(co-production)
1938634,1814623,96707,2,
1659754,1284775,88156,2,
2527447,2440209,182469,2,
2286002,2177785,13543,2,
154981,634917,1223,1,(2004) (Philippines) (TV)
1731931,1475700,27,2,
2481444,2391839,1319,2,
2450387,2359306,12953,2,
1817684,1682628,105043,2,(co-production)
1935220,1810946,120295,2,
846772,2099248,530,1,(2008) (Netherlands) (DVD)
2573303,2486845,3364,2,(as Aardman)
2096519,1984153,144554,2,
1861480,1732526,116727,2,
2494968,2405724,13015,2,
2420074,2326749,28339,2,
2295152,2187828,157537,2,(uncredited)
2558716,2471930,228834,2,
1048953,2320130,16568,1,(2010) (Japan) (theatrical)
80634,318508,19,1,(2008) (USA) (TV)
2265555,2155572,99135,2,
2550371,2463604,108,2,
853132,2105743,21464,1,
483843,1711889,13224,1,(2010) (India) (all media)
1870134,1741797,97664,2,
1375777,343006,71419,2,
499287,1728125,12063,1,(2006) (Finland) (DVD) (2-disc edition)
2556894,2469992,228611,2,
985325,2254440,26565,1,
191193,816812,2723,1,(2011) (Mexico) (TV)
2190536,2074044,49823,2,
1567136,1007491,329,2,
2457282,2366595,206468,2,
955351,2223906,57412,1,(198?) (video)
260653,1094200,240,1,(2005) (USA) (TV)
1836221,1703430,110067,2,(as Bazmark)
831988,2082562,11856,1,(1900) (UK) (theatrical)
1320505,168718,74236,2,
1965480,1841402,2914,2,
940359,2205468,34,1,(2009) (USA) (DVD) (DVD-R)
2550326,2463573,11244,2,
1577136,1033058,27,2,
2585628,2500773,1998,2,
1573614,1020349,27,2,
864997,2119274,521,1,(199?) (Argentina) (VHS)
1870535,1742246,119114,2,(presents)
2209606,2094274,11203,2,
2515923,2427159,72419,2,
1657965,1282403,10236,2,
1472582,675536,75764,2,
1059976,2331439,3500,1,(2004) (USA) (all media)
921376,2183673,34,1,(1995) (USA) (video) (laserdisc)
1060441,2332016,12591,1,(worldwide)
1165147,2412128,66312,1,(UK) (video)
1515204,831505,143,2,
110695,473926,34,1,(2008) (USA) (DVD) (complete series)
2288768,2180694,136517,2,
1295672,81446,18790,2,
160320,662922,466,1,(2005) (Hungary) (TV) (MTV)
831281,2081755,13865,1,(1966) (UK) (theatrical)
932846,2197112,14376,1,(2012) (USA) (theatrical)
503618,1732944,18465,1,(2011) (USA) (video)
68568,287933,4070,1,(2009) (USA) (TV)
1614679,1147413,86600,2,
140864,578656,679,1,(2011) (Non-USA) (TV)
638895,1878858,11339,1,(1900) (UK) (theatrical)
707678,1948270,14587,1,(2006) (worldwide) (all media) (international sales agency)
1410731,483063,46856,2,
196215,832179,19,1,(1971) (USA) (TV)
239431,1008224,6,1,(1953) (USA) (TV)
1253303,2501071,18421,1,(2000) (worldwide) (DVD)
2396118,2300029,14934,2,
1204476,2446264,25460,1,(USA) (subtitled)
983596,2252813,12144,1,(1951) (France) (theatrical)
1582105,1048182,85430,2,
439196,1654372,272,1,(2008) (Spain) (TV)
2547775,2461404,11203,2,
1352125,270767,596,2,
2077748,1964428,11245,2,
265295,1104918,160,1,(1978) (USA) (TV)
803795,2053192,21790,1,(2006-2008) (Canada) (DVD)
2491105,2401710,220568,2,
411397,1619888,1044,1,(2008) (Japan) (TV)
2431972,2339467,212758,2,
1776645,1636847,7608,2,
1537488,893323,7808,2,
1547941,917386,4691,2,
2282923,2174081,191380,2,
1696709,1377161,3111,2,
910753,2171734,14915,1,(1953) (Australia) (theatrical)
431945,1653096,11141,1,(1915) (USA) (theatrical)
2354110,2253152,144081,2,
1280981,26782,71463,2,
2243069,2130039,5616,2,
145052,590888,166,1,(2012) (Philippines) (TV)
970437,2240747,32499,1,(2008) (Canada) (DVD)
1400747,453226,78097,2,
1057271,2328870,139,1,(2007) (UK) (TV)
2042353,1925703,154537,2,
1575750,1029441,71610,2,
2260357,2149898,95843,2,
2275819,2165631,190385,2,
978727,2247937,11395,1,(2007) (Canada) (DVD)
2010829,1891093,2560,2,
1621915,1175319,76423,2,
385890,1501218,3858,1,(2009) (UK) (DVD)
1073709,2344649,2561,1,(1926) (USA) (theatrical)
901314,2159740,54406,1,(2010) (Ukraine) (all media)
637950,1877758,11961,1,
1750824,1554562,90556,2,
2030519,1912929,9557,2,
43557,174861,115,1,(2009) (Ireland) (TV)
402023,1574622,6,1,(1964) (USA) (TV) (original airing)
1605424,1118446,1435,2,
182557,774488,448,1,(2012) (Philippines) (TV)
2050577,1934649,156173,2,(production entity)
1921799,1798116,16138,2,
2375394,2276377,18980,2,
2452911,2361927,215640,2,
971137,2241502,878,1,(2009) (worldwide) (all media)
382450,1484314,160,1,(1959) (USA) (TV) (original airing)
2125438,2015790,168785,2,
1626548,1185482,1404,2,
1287466,49439,72012,2,
1542217,903824,1427,2,
69648,290112,94,1,(2007) (Germany) (TV)
122826,512280,1070,1,(2010) (Japan) (DVD)
2038003,1920992,11272,2,
380606,1477434,6,1,(1963) (USA) (TV) (original airing)
2207002,2116505,15558,2,
941063,2206242,176,1,
2401617,2306046,228,2,
510809,1738896,9366,1,(Spain)
1552301,943653,84346,2,
135377,564747,160,1,(1983) (USA) (TV)
246251,1036645,235,1,(2007) (Japan) (TV)
1839214,1706595,1709,2,
1006220,2276864,14038,1,(2007) (Brazil) (DVD)
2451256,2361143,193692,2,
1300316,101660,72970,2,
997426,2267610,14539,1,(1939) (Colombia) (theatrical)
958702,2228134,20502,1,(2008) (worldwide) (DVD)
661191,1901562,2978,1,(2008) (Germany) (DVD)
2305064,2198695,594,2,(for)
962167,2231693,250,1,(2012) (Australia) (all media)
1495362,768439,1284,2,
1531877,874863,43863,2,
508359,1736637,16438,1,(2001) (worldwide) (video)
813398,2062947,14348,1,(1913) (France) (theatrical)
1026013,2297237,13631,1,(1955) (USA) (TV)
601311,1833148,34880,1,
1900610,1774635,76811,2,
642358,1882255,16441,1,(2009) (South Korea) (all media)
884825,2140464,149,1,(2006) (USA) (TV)
259896,1090336,2075,1,(2012) (Germany) (TV)
1012171,2282669,60210,1,(2007) (South Korea) (DVD)
2438080,2346277,42359,2,
1139506,2392914,858,1,
438707,1660772,11141,1,(1913) (USA) (theatrical)
2266174,2156349,65451,2,
2384108,2286538,161497,2,
86110,340811,293,1,(2008) (Germany) (DVD)
2591995,2507831,232910,2,
2150223,2038299,18360,2,
920171,2182479,428,1,(????) (USA) (DVD)
1366946,308069,424,2,
2435887,2343851,96767,2,"(as 20th Century Pictures, Inc.) (A Darryl F. Zanuck Production)"
1941334,1817429,225,2,
852672,2105305,6873,1,(2011) (Japan) (DVD) (Blu-ray)
899226,2157254,8650,1,(2006) (worldwide) (all media)
1860695,1731374,12673,2,
2112079,2001244,40166,2,
386929,1503734,16,1,(2011) (USA) (TV) (cable)
1786773,1648904,12827,2,
2433364,2341083,138266,2,
1000503,2270393,11146,1,
1830354,1696822,108528,2,
1130883,2386931,228,1,(2011) (Germany) (theatrical)
95299,373514,27,1,(2005) (UK) (TV)
1894507,1767750,124706,2,
2474721,2384637,11387,2,
219250,905920,312,1,
238992,1005842,92,1,(1979-1980) (Japan) (TV)
1348783,255792,7147,2,
1673384,1326248,11,2,
317611,1305354,680,1,(2007) (USA) (TV) (original airing)
1030187,2301595,5541,1,(1991) (USA) (VHS)
1317935,162142,71670,2,
1437508,562668,79857,2,
70307,291604,1210,1,(2002-) (worldwide) (TV)
1149047,2400007,5166,1,(2011) (Hong Kong) (DVD) (Blu-ray)
2536956,2450316,73434,2,
1372529,331995,6,2,
1431685,549320,72054,2,
1984826,1862155,21167,2,
2553012,2466072,48214,2,
1841612,1709498,12837,2,
1987405,1865253,1344,2,
1821984,1687776,93493,2,(in association with)
1994924,1873487,69,2,
2233180,2119504,846,2,
2035489,1917898,95026,2,
423349,1643645,3269,1,(2002) (worldwide) (all media)
2298501,2191341,74829,2,
1281736,31552,1937,2,
1901461,1775537,82,2,
1097804,2362586,846,1,(2010) (USA) (theatrical)
178013,757180,6,1,(1959) (USA) (TV)
659003,1899352,6227,1,(1958) (USA) (theatrical)
1731825,1473814,197,2,
1773491,1633390,91488,2,(presents) (A Lone Star Picture) (A Harry Fraser Production)
1058779,2330198,1727,1,(1985) (USA) (subtitled)
1926248,1802472,92383,2,
110425,471302,6,1,(1975-1976) (USA) (TV) (original airing)
229699,953452,8,1,(2009) (Netherlands) (TV)
1635065,1209184,276,2,
1737066,1496842,468,2,
932207,2196410,12030,1,(2006-2008) (France) (TV)
1101847,2366153,11156,1,(USA) (theatrical)
1714482,1420275,89411,2,
406514,1593438,948,1,(????) (USA) (DVD)
688435,1928786,18874,1,(2012) (Japan) (DVD)
1565144,994205,46850,2,
2219888,2105099,30456,2,
737701,1978363,22682,1,(1961) (West Germany) (theatrical)
669902,1910115,11146,1,
642178,1882098,38455,1,(2010) (worldwide) (video) (Internet)
2524265,2436514,15093,2,
2430366,2337901,55,2,(associate)
124683,524673,707,1,(2012) (USA) (DVD)
689831,1930583,483,1,(2005) (worldwide) (TV)
1872821,1745045,119658,2,
704787,1945091,27752,1,(192?) (Germany) (theatrical)
1686166,1353697,88802,2,
1020177,2291380,8887,1,(1981) (Georgia) (TV)
2483447,2393591,91418,2,
2088212,1975244,84983,2,(support)
2171021,2057575,7851,2,
294650,1221113,6,1,(2012) (USA) (TV)
2225084,2110988,7851,2,
2240178,2127044,96633,2,
1522706,849801,11,2,
1003013,2273558,18722,1,(1960) (Spain) (theatrical)
2073636,1959652,109947,2,
872045,2127265,13364,1,(1952) (USA) (English dubbed)
1757762,1574472,394,2,
1955662,1831859,561,2,(in collaboration with) (as arte)
1238689,2486572,1705,1,(1997) (USA) (video) (laserdisc)
2174756,2060475,3974,2,
732959,1973823,44245,1,
2249657,2137730,94803,2,
1769305,1613254,166,2,
2095380,1982814,11373,2,
1510313,819238,166,2,
2188619,2072141,176865,2,
223562,915179,1402,1,(2009) (USA) (DVD)
1191837,2432929,3928,1,(1952) (USA) (TV) (edited version)
1340549,226993,71884,2,
1185043,2427157,1688,1,(1995) (USA) (DVD)
2604475,2521704,6946,2,
196833,833493,292,1,(2002) (Germany) (TV)
357438,1405271,160,1,(1959) (USA) (TV)
396275,1547717,3729,1,(1993) (UK) (TV)
981140,2250014,27140,1,
1484976,720632,49249,2,
1945304,1818218,11713,2,
1732005,1475794,394,2,
2564124,2477666,101717,2,
2461667,2371207,216773,2,
984027,2253287,1709,1,(1956) (USA) (theatrical)
2260857,2150386,2561,2,
2084385,1971561,1102,2,
2298531,2191384,38348,2,
1714581,1420952,78198,2,
2153354,2041140,172505,2,
1733759,1478162,6,2,
1632372,1202787,87231,2,
1307195,130476,73475,2,
1602682,1103530,79657,2,
1132350,2387924,17573,1,(2008) (USA) (DVD) (restored version)
1536832,891396,70905,2,
1004301,2275052,11149,1,(1903) (USA) (theatrical)
1343902,239635,75516,2,
988402,2257916,966,1,(1995) (Greece) (VHS)
621066,1854277,6635,1,(2006) (Denmark) (theatrical)
572656,1801968,32346,1,(2008) (Non-USA) (DVD)
1055478,2326731,4360,1,(????) (Netherlands) (VHS)
1908767,1783534,40985,2,
2017626,1898737,150047,2,
565756,1794279,228,1,(2002) (Germany) (DVD)
2450225,2359127,100225,2,
635053,1874657,3749,1,(2007) (France) (all media)
1059232,2330718,1413,1,(1992) (USA) (VHS)
2202060,2087486,17681,2,
2020592,1902038,150684,2,
1746636,1532195,90383,2,
2569715,2483552,71396,2,
861886,2115599,11961,1,(theatrical)
2433462,2341193,13614,2,(presents)
234380,980568,394,1,(1953) (USA) (TV)
2599139,2516212,133,2,
221717,933295,160,1,(1999) (USA) (TV)
677989,1918555,13638,1,(2012) (worldwide) (DVD)
91984,361676,18,1,
197311,835161,19,1,(1956) (USA) (TV)
2311951,2206397,176,2,
1600881,1098830,1841,2,
1288040,51635,7214,2,
1401435,453952,50569,2,
1324792,180652,74440,2,(as High Bridge)
2284793,2176585,77196,2,
1064521,2336387,9241,1,(1997) (USA) (VHS)
643009,1883025,3868,1,(1997) (France) (VHS)
670993,1911425,258,1,(1997) (USA) (VHS)
414206,1634190,11584,1,(Germany) (video)
1092040,2358797,10584,1,(2013) (Bangladesh) (all media)
569736,1825369,20229,1,(2011) (worldwide) (all media)
2273198,2163950,92502,2,
2218421,2103651,167927,2,
2040137,1923285,76959,2,
581117,1811081,33106,1,(2010) (UK) (all media)
2425304,2331968,140891,2,
2448518,2357352,14048,2,
1343124,237730,596,2,
1420294,508078,754,2,
2279884,2170931,190973,2,
1942558,1818986,18731,2,
1375194,341254,9557,2,
1398512,437345,390,2,
232448,968308,19,1,(1976) (USA) (TV) (original airing)
1846275,1714809,14060,2,
2524991,2437321,72362,2,(producer) (as Signature/Renaissance/Dark Horse)
1730912,1470274,1427,2,
139324,572737,145,1,(2012) (USA) (DVD)
417360,1637476,317,1,(1993) (USA) (TV)
1244483,2492873,11373,1,(1901) (UK) (theatrical)
989193,2258895,11244,1,(1912) (Italy) (theatrical)
703426,1944011,13822,1,(1934) (Belgium) (theatrical)
1747671,1535546,25901,2,
2591950,2507774,232904,2,
1299702,99245,70905,2,
2257942,2146930,32794,2,
2490875,2401456,138436,2,
1831227,1697784,11373,2,
91359,358561,2225,1,(2012) (Germany) (DVD)
257088,1081575,2135,1,(2010) (worldwide) (all media)
1208890,2450981,4625,1,(1936) (USA) (theatrical)
2408377,2313392,7851,2,
2458245,2367619,216369,2,
103,94,16,1,(2005) (USA) (TV)
2417570,2323793,302,2,
1428145,539312,624,2,
182054,773731,3324,1,(1960) (USA) (TV)
2289913,2182049,23725,2,
837036,2088396,428,1,(2010) (USA) (DVD)
2582441,2497085,82756,2,(present)
116635,495205,67,1,(1997-2004) (Germany) (TV)
39687,165336,2887,1,(2010) (Canada) (TV)
1547832,917285,969,2,
1691037,1365950,71611,2,
979146,2248168,73,1,(2001) (Denmark) (TV)
243733,1019206,8386,1,(2012) (worldwide) (video)
1388259,382885,77333,2,
2434238,2342085,92938,2,
1847328,1715818,846,2,(as The Vitaphone Corporation)
1983605,1860644,37057,2,
541615,1769381,29503,1,(2011) (worldwide) (all media)
1767308,1606263,120,2,(for)
1082113,2351157,21843,1,(2009) (Slovakia) (theatrical)
497114,1725084,1451,1,(1929) (USA) (theatrical)
1456575,617556,80498,2,
1052186,2323219,45719,1,(Philippines)
1902331,1776424,30152,2,
2281425,2172644,124043,2,(in association with)
2070099,1955483,159,2,
2133096,2023967,46682,2,
301834,1258089,119,1,(1978) (Portugal) (TV)
1170306,2416085,1610,1,(2009) (USA) (video) (VOD)
1885091,1757874,122419,2,
2298756,2191618,5806,2,
1797908,1661069,16427,2,
856854,2110113,11649,1,(2010) (worldwide) (all media)
849060,2101329,22911,1,(1933) (France) (theatrical)
1180892,2423853,4235,1,(2007) (USA) (DVD)
161229,667348,1108,1,(2006) (USA) (TV)
2096788,1984458,84384,2,
1033914,2305452,61285,1,(1991) (UK) (all media)
1019567,2290701,60577,1,(1988) (Australia) (TV)
1903160,1777348,126799,2,
1425201,525882,79289,2,
2521350,2433229,224450,2,
2271515,2162025,11392,2,
1163712,2411063,966,1,(1998) (Greece) (VHS)
643816,1883628,11156,1,(1912) (USA) (theatrical)
794445,2042630,48077,1,(Spain)
1566571,1004093,70927,2,
2184529,2068347,16690,2,
1732648,1477302,6,2,
1427287,531225,51183,2,
1311056,142487,11288,2,(presents)
2237573,2124335,3127,2,
1172889,2418187,4357,1,(????) (Brazil) (VHS)
1597150,1090215,3538,2,
1428576,542644,73128,2,
1406760,470057,20727,2,
286453,1195540,160,1,(1961) (USA) (TV)
2474865,2384857,20731,2,
2062087,1947025,39062,2,
342248,1371408,46,1,(2001) (Hungary) (TV)
218945,904768,292,1,(2006) (Germany) (TV)
405714,1590789,6,1,(2004) (USA) (TV)
2453789,2362848,11961,2,
1630966,1198491,77510,2,
1184791,2427000,1402,1,(2003) (USA) (DVD)
639565,1879556,11349,1,(2003) (worldwide) (DVD)
2034572,1916964,17,2,
1376069,343103,3388,2,
2140212,2034550,18072,2,
1195224,2436357,12591,1,(worldwide)
677514,1918094,225,1,
609207,1841805,35535,1,(1982) (Japan) (theatrical)
2463479,2373158,42180,2,
2201291,2085992,144556,2,
2416950,2323122,56429,2,
2038740,1921839,8651,2,
1788246,1650668,96245,2,
1738115,1500998,53732,2,
199232,842201,49,1,(1991) (USA) (TV)
2018727,1900033,102731,2,
2205128,2090185,94264,2,
419170,1639171,51,1,(2008) (Netherlands) (DVD) (Blu-Ray Disc)
2088915,1975874,21739,2,
1513105,825386,71885,2,
678692,1919156,12297,1,(2004) (worldwide) (DVD)
675802,1916534,11319,1,(????) (USA) (DVD)
267896,1120342,3857,1,(2010-) (worldwide) (all media)
1499094,775018,82366,2,
2228258,2114284,419,2,(co-production)
946706,2213266,12784,1,(2010) (Switzerland) (theatrical)
509171,1737308,2561,1,
1338018,222949,75232,2,
1420414,508143,7192,2,(in association with)
1511550,892560,20,2,
2502741,2413674,90481,2,
1038102,2309698,33769,1,(1986) (West Germany) (theatrical)
1780264,1641475,4138,2,
40528,168008,518,1,(2011) (Japan) (TV)
1751407,1556830,794,2,
53341,197083,554,1,(2009) (USA) (TV)
1885802,1758737,122617,2,
972761,2243286,11173,1,(2009) (Luxembourg) (all media)
2470585,2380369,45291,2,
1024717,2295949,3096,1,(????) (Germany) (VHS)
173590,727013,143,1,(2006) (USA) (TV)
208932,868625,1601,1,(2010) (Canada) (TV)
1487666,729866,80643,2,
405456,1590590,2294,1,(2005) (USA) (TV)
1951744,1827485,92807,2,
356067,1401078,160,1,(1997) (USA) (TV)
1791258,1654302,14430,2,
1206957,2448762,11775,1,(2003) (Brazil) (DVD)
936829,2201667,11867,1,
2185244,2068816,167074,2,
1147356,2398656,65705,1,(2008) (worldwide) (all media)
2078266,1964980,19493,2,
2523913,2436083,95013,2,(as Stellar Productions)
686028,1926315,32874,1,(2010) (USA) (DVD)
1714041,1419797,10294,2,
784111,2031798,11344,1,(2005) (France) (theatrical)
1289737,55192,6,2,
278849,1167336,265,1,(2001) (USA) (TV)
1272218,2522729,185,1,(1993) (Spain) (all media)
441191,1663279,948,1,(????) (USA) (DVD)
1213361,2455931,11137,1,(1912) (USA) (theatrical)
2599760,2516818,123304,2,
1237890,2485585,69330,1,(2006) (Japan) (all media)
1979564,1856420,85274,2,
140478,577524,2677,1,(2010) (worldwide) (all media)
2557728,2471001,10583,2,
1175836,2420039,11385,1,(1911) (USA) (theatrical)
1446511,583431,225,2,
356656,1401670,10217,1,(2005) (Japan) (DVD)
1550433,938302,4572,2,
895512,2153879,1451,1,(1964) (USA) (theatrical) (reissue)
1369171,310614,76379,2,
609460,1842236,11203,1,(1913) (France) (theatrical)
314425,1292770,6,1,(2006) (USA) (TV)
2218501,2103752,145755,2,
432246,1653467,1571,1,(2009) (United Arab Emirates) (all media) (Middle East)
1145727,2397627,3451,1,(2012) (Canada) (DVD) (DVD and Blu-ray)
23531,99486,6,1,(1972) (USA) (TV)
1841461,1709304,13015,2,
2326664,2222975,12717,2,
2168326,2055506,100080,2,
1880977,1753983,15276,2,
2007783,1887590,148091,2,
2090670,1977453,13884,2,
1931821,1807517,94745,2,(as Stern Brothers Comedy)
76654,309755,868,1,(2012) (USA) (DVD)
1739516,1506375,73513,2,
401196,1573699,160,1,(1977) (USA) (TV)
2511300,2422289,95155,2,
403058,1581005,3190,1,(2012) (Hungary) (TV)
366411,1427061,19,1,(1958) (USA) (TV)
820320,2069892,31548,1,(2008) (USA) (DVD)
815797,2065731,1676,1,(2005) (Japan) (theatrical)
1774655,1634604,7851,2,
91900,360953,892,1,
980463,2249336,13165,1,(2007) (worldwide) (DVD)
1178620,2422121,14108,1,(2010) (worldwide) (all media)
170270,716315,6,1,(1986) (USA) (TV)
2394165,2297915,207486,2,
348590,1383615,6,1,(1991) (USA) (TV)
2108220,1997343,45609,2,
260543,1093118,2143,1,(2012) (worldwide) (all media)
2256045,2144575,187361,2,
63831,252103,6,1,(2005) (USA) (TV)
1497535,770215,75554,2,
1065619,2337681,1772,1,(2006) (USA) (all media)
2061140,1946043,16129,2,
892411,2150220,7732,1,(2010) (Germany) (DVD)
542761,1770848,11763,1,(2004) (worldwide) (DVD)
1858072,1728342,16981,2,
2111167,2000278,114988,2,
1739293,1505027,71145,2,
1110575,2372518,64437,1,(2007) (USA) (DVD)
1829993,1696423,1695,2,
1479356,701335,67,2,
920284,2182601,268,1,(1969) (worldwide) (all media)
324379,1326222,160,1,(1972) (USA) (TV)
531489,1759268,28502,1,
1914828,1790082,13543,2,
1970663,1847326,46128,2,
329442,1336908,1344,1,(2010) (Sweden) (TV)
23231,99189,19,1,(1954) (USA) (TV) (original airing)
113612,483339,5,1,(2009) (Canada) (TV)
273743,1144027,435,1,(Brazil) (TV)
1235776,2483355,419,1,(2007) (Germany) (TV)
734763,1975223,12353,1,(1931) (Italy) (theatrical)
826375,2077033,4657,1,(19??) (USA) (video) (laserdisc)
651726,1891968,18868,1,(2001) (USA) (theatrical)
2505489,2416460,222380,2,
1636346,1214675,836,2,
2160805,2047788,140645,2,
1368559,310002,76379,2,
1836434,1703622,110132,2,
2100376,1988797,48007,2,(co-production)
2500256,2411162,94752,2,
232693,969816,6,1,(1983) (USA) (TV)
2413775,2319608,104275,2,
166287,696788,1070,1,(2012) (Japan) (DVD)
1701726,1392474,81676,2,
2326232,2222410,21561,2,
1821992,1687783,12496,2,
763517,2006574,2609,1,(1998) (Argentina) (VHS)
514950,1742826,11151,1,(1907) (USA) (theatrical)
1340587,227036,71884,2,
139436,572799,52,1,(2006) (USA) (DVD)
1075748,2346411,11387,1,(1906) (USA) (theatrical)
349087,1384112,6,1,(1994) (USA) (TV)
2004725,1884337,147512,2,
722,1592,46,1,(2005) (Hungary) (TV)
22150,95670,185,1,(1995) (Spain) (TV)
342161,1371277,518,1,(2012) (Japan) (TV) (subtitled) (HD)
2150908,2038969,13543,2,
327327,1333061,160,1,(1963) (USA) (TV) (original airing)
1880370,1753371,121383,2,
74878,305084,5,1,(2010) (Canada) (all media)
888749,2145301,15638,1,(1994) (USA) (video)
2086034,1973499,113032,2,
1630075,1197283,687,2,
2342182,2240339,23694,2,
1010894,2281595,14712,1,(1949) (UK) (theatrical) (re-release)
1219142,2462715,14060,1,(1909) (USA) (theatrical)
2063953,1949037,401,2,
1416299,498371,78866,2,
1416515,499189,71403,2,
1035527,2306996,2633,1,
2605262,2522432,10124,2,
1688707,1361487,424,2,
1494790,768181,8351,2,
1543095,904862,71717,2,
1603579,1173477,54607,2,
2128777,2019383,169337,2,
1155356,2404711,3397,1,(1998) (Canada) (DVD)
1937717,1813441,3393,2,
1491230,753118,75641,2,
262279,1097708,6,1,(1961) (USA) (TV) (original airing)
1991246,1869311,144712,2,
385973,1501417,122,1,(2008) (Hungary) (TV) (AXN Sci-Fi)
434072,1655491,7837,1,
124560,524587,114,1,(2012) (Japan) (TV)
1842927,1711014,708,2,(in co-production with)
91654,359033,19,1,(1980) (USA) (TV)
1245422,2493462,32755,1,(1941) (Germany) (theatrical)
105664,446143,390,1,
272671,1137865,52,1,(2007) (USA) (DVD)
1605248,1117456,86286,2,
1813829,1678598,2143,2,
1548168,918016,84192,2,
538016,1765521,17298,1,(1960) (France) (theatrical)
1920480,1796443,50170,2,
1457770,622859,80545,2,
586774,1815856,33679,1,
691195,1931566,37522,1,(2003) (worldwide) (DVD)
638974,1878957,11513,1,(1985) (France) (theatrical)
1212886,2455524,8969,1,(1977) (USA) (theatrical)
2359880,2259025,42921,2,(co-production)
292573,1216049,673,1,(2004) (Finland) (TV)
1454325,613425,71609,2,
1080877,2350347,15226,1,(1985) (Canada) (theatrical)
538,938,77,1,(2002) (Japan) (all media)
1984684,1861976,15263,2,
86660,344810,69,1,(2010) (Spain) (TV) (La 1)
653767,1894003,14229,1,(1994) (Non-USA) (theatrical)
1525135,854111,2924,2,
904422,2163187,6476,1,(2009) (Netherlands) (theatrical)
262581,1098641,1378,1,(2009 -) (USA) (TV)
556993,1786082,425,1,(2001) (USA) (DVD)
67939,285632,78,1,(2010) (USA) (DVD)
854034,2106743,250,1,(2005) (Australia) (all media)
540326,1768107,3432,1,(2004) (Denmark) (TV)
985125,2254229,18203,1,(2013) (USA) (theatrical) (subtitled) (limited)
1976232,1853123,71,2,
65335,254247,152,1,(2012) (worldwide) (TV)
470669,1696061,1451,1,(1942) (USA) (theatrical)
623798,1857851,21697,1,(1982) (West Germany) (VHS)
1548856,928614,180,2,
951188,2218524,14886,1,(2012) (worldwide) (DVD)
545900,1774119,10719,1,(2004) (USA) (DVD)
963286,2232891,607,1,(2010) (Finland) (TV)
993971,2264412,426,1,(2009) (Netherlands) (DVD) (Blu-ray) (unrated director's cut)
1399844,444197,78052,2,
2567937,2481666,102544,2,
2040094,1923253,154135,2,
2474727,2384644,93002,2,
1211709,2454037,302,1,(2011) (2012) (Finland) (TV)
2235871,2122406,6,2,
1173571,2418666,12667,1,(1950) (New Zealand) (theatrical) (as RKO Radio Pictures /Asia Pty Ltd.)
2041724,1925074,130870,2,
383157,1490471,432,1,(2013) (USA) (TV)
1593427,1082965,85942,2,
282019,1179991,21,1,(1987) (Australia) (TV)
1625360,1182769,86974,2,(co-production)
247918,1043847,663,1,(1982) (Australia) (TV)
1667321,1308964,76065,2,
106429,452944,166,1,(2009) (Philippines) (TV)
2518540,2429809,161564,2,
2176545,2061833,49153,2,
2315031,2209751,323,2,
1917022,1792545,24667,2,
2578219,2492540,135794,2,
1202798,2444733,773,1,
924310,2186997,846,1,(1985) (USA) (theatrical)
302579,1261458,6036,1,(2012) (Netherlands) (TV) (limited)
165403,693201,19,1,(1955) (USA) (TV)
2033716,1915963,115686,2,
1655329,1275784,27,2,
744200,1985585,11650,1,(2006) (Australia) (DVD)
1358130,277990,71236,2,
860282,2113831,18060,1,(1986) (USA) (theatrical) (subtitled)
2303167,2196609,25730,2,
2095998,1983583,102888,2,
1465226,641046,73644,2,
1238842,2486675,2615,1,(2011) (Argentina) (DVD)
1160021,2408320,11145,1,
163230,682042,707,1,(2010) (USA) (DVD)
1324316,180133,27,2,
1989512,1867401,72590,2,
409962,1610577,6,1,(1954) (USA) (TV)
1846841,1715389,14890,2,(as Paramount-Bray Pictographs)
504881,1733877,17757,1,(2008) (worldwide) (DVD)
2559805,2473068,228983,2,
496457,1724585,18561,1,(2012) (UK) (DVD)
1884968,1757747,7851,2,
1840042,1707554,61208,2,
630796,1868972,12093,1,(1986) (Australia) (theatrical)
1751331,1556452,63,2,
2251121,2139608,13550,2,
1140767,2393903,159,1,
315034,1296006,160,1,(1972) (USA) (TV) (original airing)
352974,1392238,160,1,(1974) (USA) (TV)
1944233,1820849,67,2,
816698,2066257,4976,1,(1996) (Greece) (VHS)
1633954,1207024,85207,2,
2397505,2301517,20822,2,
1882462,1755032,121819,2,
2605581,1971184,234649,2,
2327374,2223829,23028,2,
1880545,1753544,121425,2,
4584,11143,532,1,(2009) (non-USA) (TV) (Scandinavia)
1171262,2416867,588,1,(2010) (Germany) (DVD)
839066,2090989,13532,1,(2006) (USA) (DVD)
1216215,2459099,2096,1,(1960) (Finland) (TV)
2313902,2208644,195797,2,
2336633,2233979,95332,2,
2348694,2247215,159,2,
431323,1652552,13529,1,(2013) (worldwide) (all media)
563966,1792868,11240,1,(1910) (Italy) (theatrical)
832826,2083694,946,1,(2003) (USA) (DVD)
2517443,2428679,223896,2,(in association with)
807603,2057106,862,1,(2011) (Hungary) (TV)
918916,2180723,12636,1,(199?) (Brazil) (VHS)
1619956,1167348,86861,2,
1076681,2347101,27,1,
2159375,2046461,77733,2,(participation)
1921668,1797950,101787,2,
213548,886517,235,1,(2012) (Japan) (TV)
1443262,572373,79952,2,
1086888,2354658,11141,1,(1914) (USA) (theatrical)
50093,295198,239,1,(2001-2006) (Germany) (TV)
281629,1179601,21,1,(1985) (Australia) (TV)
1011920,2282491,33419,1,(2004) (UK) (all media) (PlayStation 2)
720007,1960163,2285,1,(2007) (USA) (DVD)
1372392,331917,76590,2,
1120636,2379582,64755,1,(2009) (worldwide) (video) (internet)
2465948,2375727,69722,2,(presents)
771692,2018038,11763,1,(2006) (worldwide) (DVD)
2258397,2147682,187656,2,
2057724,1942539,157495,2,
1320859,170023,74262,2,
982044,2251079,4867,1,(2005) (worldwide) (video)
1162597,2410251,11156,1,(1911) (USA) (theatrical)
802753,2052048,26724,1,(2004) (USA) (DVD)
1874943,1747261,120160,2,
113595,483333,164,1,(2010) (Hungary) (TV)
2212019,2096810,12580,2,
455519,1679288,13794,1,(2011) (worldwide) (all media)
1559895,974807,2025,2,
27166,113107,1508,1,(2010) (Germany) (TV)
2379576,2281462,205350,2,
2183739,2067786,13543,2,
2018841,1900186,79838,2,
150795,620111,1430,1,(2006) (USA) (TV)
1922404,1798723,93385,2,
568129,1797300,17577,1,(2008) (USA) (DVD)
1163212,2410684,862,1,(2011) (Hungary) (TV)
1678752,1336542,2787,2,
1680427,1339117,88664,2,
1396926,428653,77502,2,(in association with)
1387363,380672,74330,2,
671746,1912220,14348,1,(1913) (France) (theatrical)
1462921,635703,382,2,
2008928,1888815,102385,2,(cinematography)
1622506,1177232,8962,2,
152638,628475,448,1,(2011) (Philippines) (TV)
412323,1627798,179,1,(2006) (Mexico) (all media)
147178,606264,165,1,(2004) (USA) (DVD)
2335775,2232966,21368,2,
1295916,81499,18790,2,
1569044,1011696,83847,2,
1995165,1873777,11149,2,
815361,2065112,1765,1,(Germany) (VHS)
2417728,2323969,148255,2,
272376,1137391,2090,1,(2007) (USA) (TV)
167683,702880,657,1,(2009) (Finland) (TV)
1927262,1803367,132307,2,(presents)
2265712,2155779,188776,2,
2161656,2048610,700,2,
657639,1897843,11339,1,(1904) (UK) (theatrical)
2587275,2502495,846,2,(A Cosmopolitan Production)
103028,425082,122,1,(2008) (Hungary) (TV)
360716,1411907,11,1,(2002) (USA) (TV)
2539204,2452670,32794,2,
452448,1675991,2516,1,(2003) (France) (DVD)
1887483,1760346,91418,2,
1308491,133598,1072,2,
2564694,2478306,119,2,
307696,1274593,467,1,(2012) (Australia) (TV)
530794,1758781,2494,1,(2008) (Italy) (DVD)
236241,986524,1841,1,(1975) (Czechoslovakia) (TV)
1062644,2334418,2621,1,(1983) (Hungary) (theatrical)
1843660,1711803,30743,2,
336613,1360382,6,1,(2003) (USA) (TV)
1571856,1016858,166,2,
2117514,2006902,55163,2,
1136152,2390621,1627,1,(2005) (Germany) (DVD)
558018,1787097,31055,1,(2010) (UK) (DVD)
9769,34490,227,1,(2012-2013) (Hungary) (TV)
2154326,2041999,172648,2,
1141246,2394259,14917,1,(1935) (Portugal) (theatrical)
1129250,2385629,13822,1,(1954) (Belgium) (theatrical)
2066494,1951651,22706,2,
2252996,2141562,186966,2,
1971764,1848349,98584,2,
2167081,2053954,173317,2,
1315175,155124,73929,2,
1529251,867930,161,2,
1517173,836665,72076,2,
1611024,1133012,6893,2,
1906413,1781028,126036,2,(co-production)
1490657,751984,51862,2,
2320707,2216332,196673,2,
458876,1682689,8750,1,(2012) (Denmark) (theatrical)
747922,1989544,2473,1,(2004) (UK) (DVD)
2550931,2464254,11146,2,
1121867,2380355,425,1,(USA) (VHS)
1262188,2510875,3929,1,(1947) (USA) (theatrical)
936943,2201783,1709,1,(1951) (USA) (theatrical)
460358,1684163,6201,1,(1990) (USA) (video) (laserdisc)
437464,1659321,16130,1,(1925) (USA) (theatrical)
129615,548601,284,1,(1993) (USA) (TV)
1235111,2482428,16727,1,(Italy)
