id,title,imdb_index,kind_id,production_year,imdb_id,phonetic_code,episode_of_id,season_nr,episode_nr,series_years,md5sum
855555,New York,,7,2005.0,,N62,855547,,,,73f9c85852447a8fa506fe74b258f476
673474,(#4.207),,7,1988.0,,,670713,4,207.0,,8bf5912428acdbb46f4d6f4e3bcb2258
561281,Hanagoromo yumegoromo,,2,2008.0,,H5265,,,,2008-????,bbee119ec4eb0d07e4b2f3764ff9a4ce
57589,(#1.9749),,7,2007.0,,,55774,1,9749.0,,6368099c2c8f99c4c9c1e45beb2f3628
2177762,Onésime est trop timide,,1,1912.0,,O5252,,,,,2eff26f8d822ea73d2ce40c06ae44ac9
719785,Italian alkeet,,7,2010.0,,I3454,719665,16,2.0,,1f7edd35b61e0f65d3c3e900fc62452d
2186026,Padroeira do Brasil,,1,1956.0,,P3631,,,,,1d7325929752079ef72207657fabc510
221679,Quela y Gonzalo novios,,7,2009.0,,Q4252,221582,1,66.0,,9d1f76ca386760fe70909c357d5b5182
1439020,Second Chance,,7,1958.0,,S2532,1438902,6,5.0,,51e592fc8f77ae82df51aaf155be34cb
1228849,(#1.23),,7,1992.0,,,1228833,1,23.0,,dccd6f7f792983881c562f2ea721a1e8
1277073,The Apprentice Africa,,2,2008.0,,A1653,,,,2008-????,1e55d8b8d57509f2f7235588e448ca28
191080,Cleaning Windows,,7,1983.0,,C4525,191070,4,4.0,,fec7e656fac388695d3403b34e7d0e15
2325049,Svi na more,,1,1952.0,,S156,,,,,7b2ccbbf0d37adbe22c1332efb879dee
1968728,I naufraghi,,1,1914.0,,N162,,,,,9f7f27bc63df3c298af8eccfbb65e060
1791285,Cowboy Fun,,1,1903.0,,C15,,,,,a3f8c3d15645f5b83f73160c79412ca7
1321921,Comedian Backstage,,7,1963.0,,C5351,1321910,2,12.0,,5f8932bc4d271514c25e31c7284ba476
2274831,Sest uprchlíku,,3,1970.0,,S2316,,,,,27d10bf243d39c24d272ef21c31da8aa
110287,(#1.10),,7,2005.0,,,110285,1,10.0,,287828e681cb1973b9d40894fd1f5eee
736503,La carreta fantasma,,2,1960.0,,C6315,,,,1960-????,589ea23feba4bd33fcb915547529e3fb
1454941,(#1.8358),,7,2006.0,,,1453086,1,8358.0,,5740730fc6129c472fcbcbc9ae219acb
753174,In Dinos We Trust,,7,1992.0,,I5352,753165,2,8.0,,93f38c5f574d86b80ea4f00ed9cab65d
1869572,Ennui,,1,2003.0,,E5,,,,,15f4392663588748b9f45655b139fb71
1399567,Camping at the Creek,,7,2012.0,,C5152,1399560,2,6.0,,2158ee781728df76de22a75603f24638
671456,(#12.31),,7,1995.0,,,670713,12,31.0,,f6d614e2450ab14a10d462c150b46449
297120,(#1.115),,7,2008.0,,,297101,1,115.0,,01147aee891f81f2027e04af13599f7f
571736,Kanalua,,7,2012.0,,K54,571705,3,2.0,,97a692614de251a249c3d97e9c66d32a
634449,(#1.15),,7,2006.0,,,634442,1,15.0,,e29cc6811819e1020550354b3e7429ce
188010,(2002-12-02),,7,2002.0,,,187981,,,,3ccca49e21590143c97c26ab617aa127
642284,(#4.6),,7,2009.0,,,642267,4,6.0,,35958bfd79c85f9ee677a98fb2480413
288258,Bon Voyage,,7,2008.0,,B512,288237,8,10.0,,2fb11dbd0f39580e45b78ddf5d7cc4cd
786267,Challenges of Life,,7,2009.0,,C4521,786265,1,1.0,,aa176b00edf0b6b5488d114618b65339
141062,Committee Chaos 1.12,,7,2012.0,,C532,141052,,,,0e234b2473b7cd57728d0bb6e1a781e0
2513183,Yohwa Jang Huibin,,1,1968.0,,Y2521,,,,,9d0d18cd4df90c965e0af981ae1e76dd
1583614,(#2.6),,7,1989.0,,,1583583,2,6.0,,d4f9c48cdac4db4a1eba4b5d4ecc6cbe
2133870,Mud Architect,,4,2010.0,,M3623,,,,,f5236f31ae750703aa6d1fff18d5d8af
836497,Manegen der Welt,,2,1979.0,,M5253,,,,1979-????,9614d48843bf45de0978bcb6a06df564
1601372,The New Guy,,7,2010.0,,N2,1601368,1,2.0,,a3c7598a26ca00cd207ac7d50fc38208
416951,El mundo del espectáculo,,2,1987.0,,M5342,,,,1987-????,14e3f67056bd069593492b515b4aeba8
2465853,Une femme trop pressée,,1,1906.0,,U5153,,,,,a3fe403e6081f506ba2570ad195b7e26
6419,Martin Lawrence Presents the 1st Amendment Stand-up,,7,2005.0,,M6354,6370,1,1.0,,2ff3c782cb52d3da1094bdac6d652224
1542750,Im Riesenrad der Gefühle,,7,2010.0,,I5625,1542714,1,2.0,,ce08f0df1622a538d63d6ca63b8fb0fd
1824485,Deutsche Teenies Exklusiv 1: Hasenjagd,,4,,,D3235,,,,,000b516d251163933f8de418333c321b
534857,Aflevering 4607,,7,2012.0,,A1416,532680,23,82.0,,9442c9764bafc8535f6ff742048a3d44
369657,(#1.171),,7,2012.0,,,369576,1,171.0,,7c13b5ecd21096d3758d6d0a28767e65
2124927,Modus Operandi,,1,2009.0,,M3216,,,,,bbf25406134f5d3cf09c718e60ad3cea
2098603,"Malisa, Elisa et le taureau",,1,1985.0,,M4242,,,,,e93027bd1d32abc695c9e5f710287441
619482,Cliff Palate at AVN,,7,2006.0,,C4143,619247,,,,0b0850471919f625bebd9490fda0adf6
26281,(#2.6),,7,2011.0,,,26270,2,6.0,,d7022b8ed149dec0c1e7dd0d20192877
1226557,(1979-12-01),,7,1979.0,,,1222059,,,,4b619b508a16bc2d0dd6924765655fe4
2161931,Novyy Odeon,,1,1992.0,,N135,,,,,4b403970f8c7bb14e17103b3ee6ee84e
182261,Bright's Boffins,,2,1970.0,,B6232,,,,1970-1972,d0a65a9949e5c03135d52082e3afa499
1698732,Asklarin en güzeli,,1,1968.0,,A2465,,,,,3741ada806c9e649ae13541b9567eb62
1105120,(#1.894),,7,1978.0,,,1103534,1,894.0,,a77cb1554c5cce44626aef9c5203518e
472324,(#1.92),,7,2008.0,,,472113,1,92.0,,738659da89cc2eefba710feeaf6198df
213372,Double échee,,7,2002.0,,D142,213345,3,12.0,,376248e34ab102098649f242e7814b5d
2513517,Yoru no owari,,1,1953.0,,Y656,,,,,668cac920566fba1aa3574ffe943656a
1386573,(#36.114),,7,2008.0,,,1381096,36,114.0,,f58acdd587657f611e29c65348ac04fc
705851,Sugar the Sloth,,7,2007.0,,S2632,705832,2,6.0,,21ba91c7a3a3affacf17aa7ee19d6df9
2272673,"Selma, Lord, Selma",,3,1999.0,,S4546,,,,,e9dbaad56fa6d5f0e951dfea6488986c
1140057,Picnic Time,,7,2007.0,,P2523,1139896,6,12.0,,4c6a1f9af0629118f5f8a4bcf7bf189d
412485,(1999-07-15),,7,1999.0,,,412459,,,,76d81821ff9961e13de62d5132436b1e
1959239,Hot Praise,,1,2012.0,,H3162,,,,,31e265a58d9071c21fea43356aebe156
2108328,Maximum perversum - Extrem pervers,,4,1994.0,,M2516,,,,,f89941cac6568699b39a80d9c7191aa3
2344621,The American Red Cross Holiday Music Spectacular,,3,1999.0,,A5625,,,,,94644ebd3a754ef403f6dc86e5cd5da9
575291,Love Child,,7,1994.0,,L1243,575120,4,5.0,,5b264be264851076668fcf000148795b
228290,Przyszywani,,7,2011.0,,P625,228282,1,13.0,,45302dd5ae361aae2a089c2a28ed5520
929729,Cancer 2000,,7,2005.0,,C526,929728,1,3.0,,22ae388fb8eac437a382c57c6b6f85aa
339960,Entscheidungsschlacht - Moskau 1941,,7,2002.0,,E5323,339953,1,8.0,,281eb75ca095d0d883b9369312ff8b41
2433938,Thrill the World,,1,2010.0,,T6436,,,,,2eaeb00109cb4926fb2939242b917369
2466169,Une pieuvre nommée Bercy,,1,2011.0,,U5165,,,,,119e68f96463892abaad48df22b933e9
928612,Pas de bavards à la Muette,,7,1991.0,,P2316,928576,1,1.0,,c0bbbc3df2b9dc0e3dedd11a5465bf3d
2252790,Rudyard Kipling's Mark of the Beast,,1,2012.0,,R3632,,,,,97bab1b5322e9936a05e534d8f3e84f1
2133128,Mrs. and Mr. Duff,,1,1909.0,,M6253,,,,,5394f98c1e7cca86a4b4ad0b7efff318
2146626,Natural Black Beauties 3,,4,2011.0,,N3641,,,,,bdd6df77cc6a1131c2ea6e27fb62ff41
1980620,In Search of Boadicea,,3,1980.0,,I5262,,,,,01486605e75f484b9efd18c1d0752722
2311270,Starting Over,,1,2008.0,,S3635,,,,,caf75e001f172c469b0812d2fea25d77
2027892,Kuda vode putevi nesavesnih vozaca,,1,1983.0,,K3131,,,,,e49d43be835addcbe17ca22d640f8af3
264448,(#2.3),,7,1986.0,,,264442,2,3.0,,cc6df2a47138528baa125014f3bee3a2
1087827,(2008-11-28),,7,2008.0,,,1087743,,,,2585dd6c29599541d1cc6c4062b0101d
1679797,Amateur Lesbians 14,,4,1993.0,,A5364,,,,,9017356656dd1303b426f442b78e95a1
1667400,Affairs to Remember: Deborah Kerr,,4,2008.0,,A1623,,,,,704eba86c28d19f4f1c42bd3e2ff87be
1062465,(#4.133),,7,2010.0,,,1062076,4,133.0,,b55f40464585a421070b0d9f184db279
1503875,I'm at a Crossroads in My Relationship,,7,2010.0,,I5326,1503704,,,,df199f2b4f3a221493b814fa4afe8d06
893004,(#1.7),,7,2007.0,,,892993,1,7.0,,0874c794fd4cdc97020bddc8af4d963c
81574,Povero diavolo,,7,2009.0,,P1631,81538,1,3.0,,7d7e394e8aba5804b61e53d2ded925cd
548898,Great Performances,,2,1970.0,,G6316,,,,1970-????,00b3e9a213419018cd5e850d737e373e
1206170,(#1.31),,7,2004.0,,,1206145,1,31.0,,6911dd48839e8b6b16c640386a01eadc
689331,Valhal,,7,2005.0,,V4,689307,1,7.0,,b051b2f1c84ca4373d6de8e9dc3bf166
2349136,The Bet,,4,1999.0,,B3,,,,,799640c9228d9343f355e513f57b8c36
342228,Hausmusik,,7,1982.0,,H252,342061,9,7.0,,ac39aecee6423dfa26d5671c099870fc
755779,SNL on LKL!,,7,2010.0,,S5454,754434,,,,9a88c9f617990ffd4e091f88a5d276a6
775338,Zettelwirtschaft,,7,1973.0,,Z3463,775328,1,4.0,,11789b28832261bb5f99b707e1ccb5ba
2103091,Maria E as Outras,,1,2004.0,,M6236,,,,,76a7072efa23b6b7c8f6473fc8f31f5c
1190892,Problemen,,7,2001.0,,P6145,1190727,3,9.0,,42ce4a60f58b31d443d4156acaba2dd4
1679113,Am Ende kommen Touristen,,1,2007.0,,A5325,,,,,a39168c5d4a8997a19bf482a2edc8b4a
1592714,Occam's Razor,,7,2012.0,,O2526,1592699,1,5.0,,792982844c651723f86e8a53ebb2781f
2252069,Royal Cortege on Parade,,1,1902.0,,R4263,,,,,4dfbb56a124bcedb3be85277f82c387d
264992,Coast to Coast #16,,7,2007.0,,C2323,264901,19,29.0,,b594363ffefc849994977107035a47e6
149709,(#1.129),,7,2003.0,,,149675,1,129.0,,d5476cd37fef3ff49bf412e657d36762
1953962,Hold on Tight,,1,2008.0,,H4353,,,,,8e4c7428ae4f7e79828bfc0ded428cc4
1981786,In the Ring,,4,2006.0,,I5365,,,,,9e1a22cd98cdf2ceac95f161b6bb7f32
809922,Here Comes the Sludge,,7,2001.0,,H6252,809915,1,11.0,,89815476eb0c75c8db8c1c4a678cf705
2310493,Star Trek: The Motion Picture,,1,1979.0,,S3636,,,,,d1825f5bac5aeffae040e3cab4ee0a2a
703419,(2002-05-17),,7,2002.0,,,703377,,,,0450d9fd149104e7146bca0310b60b1a
1456538,(1996-06-24),,7,1996.0,,,1453086,,,,fd36c7f920baf399160f88f64abfc345
29997,(2006-03-28),,7,2006.0,,,29216,,,,0b91074d3fae84ce07e701bfd67e4db8
2293289,Slaves of the Invisible Monster,,3,1966.0,,S4121,,,,,53e7d6e59d5bb4ac41c760a40ed11074
321134,(#1.7122),,7,1993.0,,,317585,1,7122.0,,bf92ac5b2386ea72a65bdba5e73b8901
2170932,Oishinbo,,1,1996.0,,O251,,,,,daf642fb05a15dec10522fd4c4102a6f
826454,Ladies Man,,7,2009.0,,L325,826324,10,12.0,,2ff652d9e7e7748f32f0fd68ba703b8c
1576906,(#3.165),,7,1986.0,,,1575520,3,165.0,,e5bc01732e5222e17e55d04e530ce81c
870208,Mill of Secrets,,2,1960.0,,M4126,,,,1960-????,2085e5dbe06813eedb48b041ec88af46
1934304,Halber Anker/Half an Anchor,,1,2012.0,,H4165,,,,,04754a2449e41595283654e6d1618f63
1742343,Boulevard,,1,2009.0,,B4163,,,,,6b2999c39cb5ee4a4591bfef0fa043e4
1157199,(#1.34),,7,2007.0,,,1157171,1,34.0,,6131fe076b655dc09eea19893587db87
772754,(1965-11-18),,7,1965.0,,,772748,,,,6b76c8110545d0d9bc8261621e32fd63
595496,(#1.14),,7,2009.0,,,595491,1,14.0,,4b3e9f12fec9e085246de30ea1f6d27d
2139657,My Sexy Kittens 15,,4,2006.0,,M2352,,,,,4c1076190ad0c2abdbd9f73413b64a8b
649014,The English-Speaking Patients,,7,1997.0,,E5242,648995,1,11.0,,dbac0ee2cea739981e2a0dee56ab0233
788666,Die Geisha,,7,1991.0,,G2,788275,1,276.0,,bca4e086b3018125760f0e041ad40062
2295206,Smil til fotografen,,3,2000.0,,S5434,,,,,d11c79e87d4413054726d3c72e2c76e2
626869,Special,,7,1993.0,,S124,626844,,,,97b160d3851d370c7f103ca655ebcf14
1083117,Christians Rise Up,,7,2010.0,,C6235,1083110,2,8.0,,201c8276b4a5b391f23c41cd007dcbb0
1951663,His Own People,,1,1917.0,,H2514,,,,,65da453109001e815654bc3855b04fac
1959850,Hotel Sodom 2,,4,1995.0,,H3423,,,,,43eba1d62d4e0bd2f92fecbac3d06c6f
1056379,(#1.10),,7,2005.0,,,1056377,1,10.0,,20fb3a4c49f7394a7dedc75198caff46
97365,Lifeguard Week,,7,2010.0,,L1263,97178,,,,1c54fa269c31318f27001a13ca3d3811
1738455,Bodacious Booty 2,,4,2007.0,,B3213,,,,,54172f75032a344f7e1aa977a47290cc
1120354,Fugue,,7,2011.0,,F2,1120337,4,8.0,,962f0d9a85688a1c455fca613904212c
2176557,One Up on Father,,1,1914.0,,O5151,,,,,881b01720e5c50f1506478e8fd100f5e
544529,Aflevering 208,,7,1997.0,,A1416,544400,2,143.0,,8645cf42b0fdd7fa6b6f76c18bd105c5
866918,(1992-03-24),,7,1992.0,,,866438,,,,02a788b474fefaa7d459d06638f202f9
619666,Howard's 52nd B-Day,,7,2006.0,,H6325,619247,,,,8df44c2af80a1aecffbaab2266e68af6
1549927,Especial Doblando Voy,,7,2011.0,,E2124,1549919,1,12.0,,66a83678ec0bb7c2ff1c895c5860a095
347816,Dial M for Murder,,2,1974.0,,D4516,,,,1974-????,e044dceb6ab7d558b85af50241d08a9e
325377,Vermist,,7,2004.0,,V6523,325091,13,13.0,,77e12424a56452e8367bb92655c494d3
1260530,Tetsuwangâru tanjou!,,7,2003.0,,T3252,1260519,1,1.0,,7e661511f742c6898d2202e22f9875cd
2084869,Lost in a Crowd,,1,2011.0,,L2352,,,,,fe7d231ff0281730a59bea5f837241d4
2030794,Küldetés Evianba,,1,1988.0,,K4321,,,,,ffe13a0ae435d67571b2614a24b83519
2417563,The Suitor,,1,2005.0,,S36,,,,,cf6fd8f209d27a9e84110ad0772c014c
1663028,Abortar en Londres,,1,1977.0,,A1636,,,,,4147492d2290b6575c6af1aac711df56
1440038,Cooliris,,7,2010.0,,C462,1440030,3,13.0,,8ac49336c96debfd0d2ddd28a83b93e3
862364,(#2.15),,7,2011.0,,,862340,2,15.0,,804f7c20214025f9d966587cf3fd56c2
1732018,Black Dahlia,,6,1998.0,,B4234,,,,,548a212511f8ff1fc7ae1c3706bec553
1127237,Children of the Acorn,,7,2010.0,,C4365,1127235,,,,e30dfad37089adf3f5956bf6f9ddd10c
1742149,Bottle Rocket,,1,1994.0,,B3462,,,,,5f75f5c9decbf35ecd6c75c2afb6fb36
1718777,Beerhouse Dancers,,1,1980.0,,B6235,,,,,ad7f6d324abe3581d9a0878390d635c7
1957842,Horisontti,,3,1972.0,,H6253,,,,,9c6ff23c005600267396d7846ce5b730
695733,Blackjack,,7,,,B42,695732,1,8.0,,e93e41a08f1bcadd333dc329d1cc9a76
1708515,Backyard Dogs,,4,2000.0,,B2632,,,,,a491bdeeac6301acd9c3262341c59f8e
754122,(#1.173),,7,2012.0,,,754039,1,173.0,,921c54f2ab3bcb53c3bd0626d48fe164
929218,(#1.3),,7,2013.0,,,929214,1,3.0,,8d186a36aa4fd0205e6b6e7e330b78f5
1528303,(#1.2169),,7,2003.0,,,1528257,1,2169.0,,c6637b9d9a14a9e6b9b5ebe531fe13b4
1006656,(2005-06-22),,7,2005.0,,,1006218,,,,16153e8735845da276e7b15b609d80e4
307900,Death Traps,,7,2007.0,,D3612,307898,,,,762afb48202c701bf3c0831a53ec087e
966587,(2011-07-21),,7,2011.0,,,966393,,,,8d5f60aa3837def53c52707ad39d7dee
1729882,Biograph Snapshots at the President,,1,1902.0,,B2612,,,,,f07f1effc7cc8ab76e708c46e20d9b40
1777939,Clair de Lune,,3,1995.0,,C4634,,,,,7c1faefaca386dae86243d999873f09e
1555530,(#1.32),,7,2012.0,,,1555504,1,32.0,,0905fb785076b4643909b17378cd097b
2450987,Trolley Driver,,1,1958.0,,T6436,,,,,8eec384837a5586650be5033b58f7b63
121740,(#1.3),,7,2005.0,,,121717,1,3.0,,58a67eef1700433231b7eb299a46e813
201180,Alors... heureux d'être français?,,7,2005.0,,A4626,201165,,,,2149df74399f3b8eae0ecfd786909c38
2213631,Pour écrire un mot,,1,1988.0,,P6265,,,,,51c743de574d13b0c63b38fbfc80121e
617898,Carbon Fibre Car Parts/Hand Dryers/Recycled Polyester Yarn/Fleece,,7,2008.0,,C6151,617861,12,6.0,,13f6f537bbcfea27669a6d9266c0f8d4
1683540,An Cridhe Cabaireach,,4,2012.0,,C6321,,,,,b015049a66606b97832eaa5d05884ad2
2507265,Wrestling Pony and Man,,1,1896.0,,W6234,,,,,14ff06f806c2d09f0d95ed4e37092d69
267180,(2006-03-16),,7,2006.0,,,265276,,,,12955cfaa9ee64ca7452489f09a58b1f
142744,Le Louvre,,7,1965.0,,L16,142743,1,1.0,,b1591ac7bbd55bef83f73ce2e4ec9fb1
940896,(2012-01-30),,7,2012.0,,,940394,,,,d70fff688e5bfcada266e7beb1b3d855
1812184,Dear Diary,,4,1995.0,,D636,,,,,bbdf7ccb12401460225f52b7fb417efa
2525052,Ödemarksprästen,,1,1946.0,,D5621,,,,,59d0ff38bc711ba7b92731ef1f7e0186
1086236,Travel,,7,2009.0,,T614,1086207,1,5.0,,36d63f5809b71b7adebd639db535f52f
896433,"Chapter Seven, Year Two",,7,1996.0,,C1362,896412,2,7.0,,da4e253f3fe88a54a4c09b5cfe243e07
2284759,Show Me Your Original Face,,1,2008.0,,S5625,,,,,8d8c2a9e11560ea54f30aaf8ffcc2ac0
1379747,The Black Wings of the Fire Bird,,7,1954.0,,B4252,1379735,,,,8b650738e3300794b137c9c787141916
2008349,Jyoti,,1,1954.0,,J3,,,,,58a3e23785d06e2f878ad5fee6dd6fad
2484331,Vromiki parthena,,1,1975.0,,V6521,,,,,42f517cc014f432b8b1d2296e61c1f33
461154,Kein Zuhause,,7,2003.0,,K52,461023,1,121.0,,5650db9d2aa66668f66430f57e58baa0
1887275,Fen miao bi zheng,,1,1973.0,,F5125,,,,,0bdebf91ae64263211e55311b0f31899
2190726,Pardon My Lamb Chop,,1,1948.0,,P6354,,,,,bed1aa3feaeca80fa427a50eb371b421
973421,"Marla at Elize, muling magbabangayan",,7,2012.0,,M6434,973358,1,33.0,,f59024194a99ea9b96f62064a0c3940c
88443,(1999-06-14),,7,1999.0,,,87087,,,,7f1c12717d7fa48188d35bcec0c2808e
2015406,Kecha: Yan You,,4,2010.0,,K25,,,,,92dd4be5eb8fbb66dee67e54635e8e08
1229480,IQ Commeth,,7,1995.0,,I253,1229453,2,5.0,,f12fba060039745ab0be8a605b3130aa
1423063,Be Prepared,,7,2008.0,,B1616,1423053,3,19.0,,1e7d8007edb0791c2703ce064c3f3117
2200351,Phantom of Fury,,1,2012.0,,P5351,,,,,84947f872022297689eaaebc92b2e1a0
596451,The End of the Beginning,,7,2010.0,,E5313,596442,1,9.0,,c036f8c38defb614b833fc3fc733219d
1478933,(1957-04-26),,7,1957.0,,,1478911,,,,0619d24836ec5c86a3c036f671595e53
2169650,Official Denial,,3,1994.0,,O1243,,,,,67b6f5555b1b01a6b0e88cfd1c5a7b7c
1631736,TVE: Servicio público centralizado,,7,1996.0,,T1261,1631720,1,6.0,,24438f2501213dd5d4607138f46977a9
692998,Grudge Match,,7,2006.0,,G6325,692973,5,9.0,,fe531faadbf3c0ea69b5e42df1306711
2346684,The Baby Tramp,,1,1912.0,,B1365,,,,,dfff6a6c9e8f974ecfbb4d20fe2361d6
892392,Tween Tawk Part I,,7,2011.0,,T5321,892387,1,3.0,,4498d1be0e96baec1d236126d6658933
1968557,I Married an Anal Queen,,4,1993.0,,M6354,,,,,e40885fd1e7cfcafa554761fca3a0854
1583944,Whose Wedding Is It Anyway?,,2,2003.0,,W2352,,,,2003-????,1f7bec240650de25b585e0132a0340d1
892700,MySpace,,7,2006.0,,M212,892691,1,2.0,,068c2205af1e3a6b59fb45cf1f2510d3
365608,(#18.5),,7,2005.0,,,365540,18,5.0,,3201201eaa5fa8ce4ddef6ec14e4e280
516896,Ebb Tide,,7,1953.0,,E13,516890,,,,eaaa7c5965ef01367f75382efac37533
2359801,The Cult,,1,1971.0,,C43,,,,,2bb329dca9056b735756b4126d18c57f
799254,"Lo sabe, no lo sabe",,2,2012.0,,S1542,,,,2012-????,4ea4214fdbb33a53eaa6986ac76ef7fd
1259883,Reisei to jônetsu no tatakai,,7,2003.0,,R2325,1259785,1,77.0,,0d781d3b4e5b042042fd14f55814c0ef
868938,(2011-04-12),,7,2011.0,,,868691,,,,0e8d94ec1cbd47997b6433a1f6ddac9e
730611,Saveurs médiévales,,7,2005.0,,S1625,730607,1,2.0,,ff2e30b92291be05a79bddcaaabe5262
851485,(1996-12-13),,7,1996.0,,,851481,,,,2a919a378ba3af7e84028b334d908401
808060,(2002-03-20),,7,2002.0,,,806955,,,,c5c0f8db012b824e5bac40ce2cc088fe
2504069,Without Orders,,1,1926.0,,W3636,,,,,06b22661b24aa80a56233ef33502e5ec
1646501,A Country Man's Romance,,1,1913.0,,C5365,,,,,d1991f1b76fb39c8c050ba3c1f58c5e3
2511674,Yeki az ma do nafar,,1,2011.0,,Y2535,,,,,0bc25b2d35b3057f15ec925057cf4710
1083488,Rhythm & Roots,,2,2010.0,,R3563,,,,2010-????,bd61ba16e1bc32c5372375cb5c06cf64
2088487,Loving Taylor,,4,2003.0,,L1523,,,,,4ff85870029883a2ed5f671cd5373123
603570,(#1.553),,7,1990.0,,,599479,1,553.0,,796f05df293c97ca7a6318410fba6f76
1711686,Ban an Farraige,,1,2012.0,,B5162,,,,,bc48cb27b871be5edcc23e30870af4af
152314,(#1.51),,7,2000.0,,,152267,1,51.0,,bc6018095f48beb8d4a2a49df5e11dcf
347879,(#1.11),,7,,,,347877,1,11.0,,f942564466de63d7d95b40289f56e7c9
1599088,To Have and to Hold Off,,7,1995.0,,T1534,1597940,32,15.0,,4f419ab67bd8ec7b51b6ca1e4a86870c
2495311,When Animals Think,,3,1993.0,,W5423,,,,,43bb01a9c210adb461e2d349caf4a164
1671672,Akkada Abbai Ikkada Ammayi,,1,1996.0,,A2312,,,,,e432c46c04e672072629434791c41f45
965463,(2010-12-11),,7,2010.0,,,965311,,,,ff290337f5b1ec24501acfa7e544e6ba
1243393,Gardener,,7,,,G6356,1243383,1,19.0,,633e331a750fccde67f6a0a7f677e60c
416983,(2001-11-07),,7,2001.0,,,416952,,,,a6f20857e9337183d5283898de81a1ad
939967,Night Heat,,2,1985.0,,N23,,,,1985-1989,ff4ab9f3555a4dc6cd1549bcd26e65bc
1215616,(#1.624),,7,1999.0,,,1215032,1,624.0,,43a1b7de221608f7aec7c752e2c4abc0
106110,(2007-07-11),,7,2007.0,,,106040,,,,ea97de5cd287e6a883112b591103333a
223560,Bedtime Story,,7,2005.0,,B3523,223558,1,18.0,,34c872ba2a6bc588e666e49d3fed8152
889280,Winter Is Coming,,7,2012.0,,W5362,889272,1,1.0,,15f926b59062067c09262678e32cb397
1262090,Schliemanns Erben - Der Limes 1/2,,7,2009.0,,S2452,1261928,28,14.0,,14cd4c06766a6848e5061f4e5d7777bf
854019,Cazador furtivo,,7,1999.0,,C2361,854011,2,7.0,,19055893a564c1336bc138f2d20b6f88
711266,(2007-04-16),,7,2007.0,,,711251,,,,0a0428f8c0e4d95a8bc82c11435b52e8
665423,Seafood Tricks,,7,2009.0,,S1362,665392,,,,dd5c2f4b5763ee228b746f8c5db92871
675141,Celebrity Jeopardy! 4,,7,2001.0,,C4163,670713,17,114.0,,eb321d847d0f0648a4d6f14e18391618
2030343,Két arckép,,1,1965.0,,K3621,,,,,44190de771893a1613ff8aacfc1f060c
2174645,Once Upon a Midnight Dreary II,,4,2006.0,,O5215,,,,,dff161e2d9e71d38b9eb9b7815d974e9
2508580,X-Factor: The Look of 'X-Men',,4,2003.0,,X1236,,,,,e2dab2be30e5078866d944cd03d56205
2471484,Uzmi pa ce ti se dati,,3,1985.0,,U2512,,,,,9fcb349c97e2304142e5d883135d629b
2444427,Totally Unprofessional 2,,4,2011.0,,T3451,,,,,0e8391083a05e4e06c9d66e163122c76
2501602,Willamette Falls,,1,1903.0,,W4531,,,,,9edb3a369bac21b374920a5acd0af9c7
2467219,"Universiada, México 1979",,1,1979.0,,U5162,,,,,4d82ed6225deedc2db4970c9962e7c51
2154082,Night Watch,,4,1994.0,,N232,,,,,7a94fefc64f2438bc0c1a1366072eac6
303946,Dalkomhan insaeng,,2,2008.0,,D4252,,,,2008-????,c1348155bebce8205505d06ff36e7b11
2373610,The Golden Link,,1,1954.0,,G4354,,,,,c7df8aa74d423cea4ea1cfa0fc639d9c
851803,"My Ensign, the Lawyer",,7,1963.0,,M5253,851745,2,14.0,,dd7f755a30fae8958bef47f0ae2eeeab
640680,People of the State of Illinois vs. Drew Peterson,,7,2012.0,,P1413,640660,,,,9a3430a8e97bcf08040d503e87526544
2044415,La noche d'amour,,1,1986.0,,N2356,,,,,a3db967e226637825cb7a3e93968e18b
1128634,The Lucky Touch,,7,1951.0,,L232,1128355,1,5.0,,328a94a67cb3810234f191487938878c
810587,La ciudad de las minorías,,7,,,C3425,810581,,,,2e0548695797bdb3d8d886bc5a5d86c0
594715,(#1.3263),,7,2012.0,,,593369,1,3263.0,,dd3c9af4621077c6e32083717819f76a
405044,Sorezore no yokubou,,7,2009.0,,S6265,405008,1,27.0,,42d53aa5f2a4c1b73012cd03260814b9
834167,(#2.1),,7,2012.0,,,834160,2,1.0,,5c1e2158257b7eb7e86b1f74a315644c
684061,The Space Pirates,,7,1972.0,,S1216,684049,1,8.0,,099a5f5195e314a3531f94545d593d79
670314,Life with Grandfather,,7,1984.0,,L1326,670309,1,11.0,,ba4871c9a9c609cd1b381ea2bad62469
1903402,Fresh Paint,,1,1922.0,,F6215,,,,,149bf2067157c43678d4a2bc4b0bed41
1841646,Dormir au chaud,,1,2006.0,,D6562,,,,,45629d33359299d3b99163c130658150
1218694,Point of No Return,,7,2010.0,,P5315,1218586,5,18.0,,030db447cb8d795d62e185e797b8465a
595193,(#1.929),,7,2002.0,,,593369,1,929.0,,42765ba57e38dec21cbc42c1584cebd7
2123200,Mistreated,,1,2009.0,,M2363,,,,,31bceb4147c25018497f460ca40d50ed
1116476,Luontopoika lumoaa Aamun,,7,2002.0,,L5312,1115333,1,633.0,,eb2b0af7437c4bb707add7ce1ad1874b
323322,Egelzusjes,,7,2002.0,,E242,323315,1,1.0,,4b3b7f5898c09b9a9f0a01b3d02595c3
1870217,Entre las nubes,,1,2006.0,,E5364,,,,,976bf943b925cd451051adbe769b5a55
2132463,Mr. Groundling Takes the Air,,1,1948.0,,M6265,,,,,7cc5db454d2a82fff3b58b68067a21b0
2395049,The Moon and the Son: An Imagined Conversation,,1,2005.0,,M5325,,,,,b6b8f06e0fe2f0dd492aaebe6d03bf69
2365866,The Entertainer,,1,2010.0,,E5363,,,,,7ab9b2ea450ab22259a0d197c3580b80
1656544,A Safer Sex Trade,,1,2006.0,,S1623,,,,,22d75aeb312907259d7f1360f19ef504
1425318,"Disco Here, 'Dat Go There",,7,,,D2632,1425306,,,,f1612624dafe8a22d8d86809e9bd95b7
1126176,(#1.2),,7,2009.0,,,1126174,1,2.0,,e560208998f2f3b005eebe54ca7b66c2
1707302,Baby Wants Spinach,,1,1950.0,,B1532,,,,,08396a05b6869e0c8fa2eedbda024e0f
323583,(2001-09-11),,7,2001.0,,,323581,,,,d3bc924bc6b5bdcf2d0b90395169ae92
1543378,(2005-02-25),,7,2005.0,,,1543008,,,,366f3835c2b7b68352ba88cee9b2f184
1497672,Victor Victor,,7,1967.0,,V2361,1497662,1,3.0,,b7c01ff2c92539da0e49df2ce393f44d
2044071,La mujer y la bestia,,1,1928.0,,M2641,,,,,44c4cdb02303d0545c2e31a04357c3d9
2055321,Latin Dancing Intermediate,,4,1999.0,,L3535,,,,,5d1614b877c202512fae0070dba45bb0
2042022,La joya del sur: Colegiata de San Martín de Elines,,1,1998.0,,J3426,,,,,ba1a65cc2868d4208ee9ef496328152d
847697,The Primes,,7,2008.0,,P652,847685,1,1.0,,137b7a8af654d73bdbeb8f65300201b0
743381,Dany caput,,7,2005.0,,D5213,743373,1,62.0,,a1e74686cde782af313f9da4d5b5e9dd
345081,Real Estate Clueless,,7,2008.0,,R4232,344990,3,4.0,,a68bedd7b1d63545141dce972db1fb71
1609486,(#1.86),,7,1976.0,,,1609389,1,86.0,,ab6467299c3edbe19a1d7533bd1a36c5
2058632,Le dédale,,1,1912.0,,D34,,,,,0cf043d94b4735a3031bfc6a59411a8d
2525510,Üksindusfilm,,1,2010.0,,K2532,,,,,46e3560de6b1d9f29151a9db4913dcc7
2236583,Redeemed,,1,2008.0,,R353,,,,,f8e5e0e9ad22da32b6759f38c4bbffc2
1739723,Bombs and Business,,1,1916.0,,B5125,,,,,71a9f61a55e02e3a474881d30c0ecf13
622538,Huckleberry Finn and His Friends,,2,1979.0,,H2416,,,,1979-????,17fc6ed49687395ef45cd4b7457623a4
1415804,Oscar,,7,1997.0,,O26,1415766,4,5.0,,cf6de463e93051520cb503e07fbd07f1
242755,Hel and Highwater: Part 2,,7,2000.0,,H4532,242747,1,14.0,,83f478ddf1b246c69c3cbbc9e5d3ace5
1306669,The Colgate Comedy Hour,,2,1950.0,,C4232,,,,1950-1955,9adb0a17593d9467ee88b4253955ae12
2207288,Pleasures of the Flesh 5,,4,2003.0,,P4262,,,,,908b766d126e8bc80c6d190d1c9ea576
1171078,So You Think You Can Dance,,2,2008.0,,S3525,,,,2008-????,3a5bdbbbd6b7cd35cee758c93eb0d52b
776966,Chien & chat,,7,,,C523,776955,2,19.0,,170782db05a5e62fbb9b1133285caf30
2133235,Mrs. Marshall,,1,2004.0,,M6256,,,,,be4ee5bc422d20c5ae8e1c7aec04b6cb
52640,(2004-03-15),,7,2004.0,,,52439,,,,8eb5749e3107a2dd871914041efd56dc
2229520,Radiant Emanators,,1,2003.0,,R3535,,,,,e0602f86f2db78dcdf806f0ebc68b068
1389854,New York Jets at Oakland Raiders,,7,2009.0,,N6232,1389798,50,7.0,,cb72353adb0e540a8ad90b8c6fd3d79b
1955597,Home Made Movies,,1,1922.0,,H5351,,,,,8d8191f05909d1470094c5f59b127d3e
1887888,Festas do 28 de Maio de 1938,,1,1939.0,,F2323,,,,,e82a94b7a977b48ae79830d22de10ba6
451589,(2007-12-10),,7,2007.0,,,451578,,,,e31b67c14b893eabbd97acda29100117
1700360,At Home with David Hoyle,,4,2009.0,,A3531,,,,,ecd36383633708227f8b1de724be18bb
2364112,The Dream Team,,1,2012.0,,D6535,,,,,a8478810bca5ad6c186a783424a2ea1f
1718744,Beer Goggles,,1,2002.0,,B6242,,,,,af883740459acab056cd6f79f1f1953c
761843,(2004-10-22),,7,2004.0,,,760557,,,,0312176c177dbdc73e0876df3f9994bf
883183,Watching the Detectives,,7,1993.0,,W3252,883170,1,13.0,,194d3d47252f0bd770ca10c8a5196d16
1817630,Der Bürgermeisterstuhl,,3,1962.0,,B6265,,,,,8c32bad5b323946a12d5ce2f71ab3611
883257,Eine Kleine Nacht Murder,,7,1989.0,,K4523,883241,5,12.0,,1fb37b7d32a130ead38ffd3a31280e55
344862,Goodbye for Now,,7,2005.0,,G3165,344808,1,22.0,,2b820515a200fdedb18d2c63fc11abb4
1446385,(2012-01-04),,7,2012.0,,,1445966,,,,0750eda8c3cf610faa4ca4a32fae5bac
450744,Fedra,,7,1981.0,,F36,450503,,,,3a81d2e883c7df841b4fe7903f360ed3
2310657,Star!,,1,1968.0,,S36,,,,,535aef507687b447fadae04808f511a2
468414,New ASSpirations,,7,2004.0,,N2163,468392,2,3.0,,d9085eaeea0777c877d7a5ac3c5fc7d6
1095262,Bryan the Tru Playboy,,7,2003.0,,B6536,1095074,2,1.0,,fe4364a42cf6f4c53d35364d72c4f5c1
1703494,Australis: An Antarctic Ski Odyssey,,1,2010.0,,A2364,,,,,8b503320de9e5aaf064d7334af3000ff
410179,(#7.68),,7,2006.0,,,410084,7,68.0,,219b626ce52eed2ab74316d79f341c70
1595625,(2002-05-03),,7,2002.0,,,1594823,,,,c56196ff010a6fcb9315c4a97e38d4c5
379890,In a Temper,,7,2005.0,,I5351,379878,1,43.0,,b93db695906670ac95adb89915b9297f
1067889,Random Odds,,2,2011.0,,R5353,,,,2011-????,faa61df8f1d11fbd2c66dee6673bcae3
1881248,Fairy Fun Fun Fun,,4,2007.0,,F6151,,,,,626d3efe02c1f19efb7fa7d6740c34a9
1270359,Salted Ground,,7,1955.0,,S4326,1270342,1,3.0,,b39672bc60738cd4d71b625b09d3f709
2071071,Let's Meet Johnny,,1,1999.0,,L3253,,,,,82465fd8ad28872a87c3cfafe5a18909
1249055,Convicts from Dimension X,,7,1993.0,,C5123,1249027,7,17.0,,b2bd3f434c9ade1bb0727afbbec875e3
310887,(#1.961),,7,1970.0,,,309683,1,961.0,,5a3f251e5d632dfdcfb0bdf402484d79
1692201,Apinan vuosi,,1,1983.0,,A1512,,,,,f96171a15081f9da0d5913ad8da8e1d2
756826,(2012-03-04),,7,2012.0,,,756788,,,,eb190c9eaea9ddcfe77fd5f0a8dc0951
1522162,Especial BUP,,7,1983.0,,E2124,1522017,3,56.0,,3530eb890c30ae25fec464d4f06cb36e
803277,(#1.9),,7,1979.0,,,803263,1,9.0,,9f94fa16ea6a01e63265e6fa5994f56d
695342,Menkyo to kôtsû ihan kippu de keisatsu to taiketsu!,,7,2001.0,,M5232,695333,1,5.0,,4f3e68cd034909f52ad262e773125bc1
975004,Sparks Are Flying,,7,2006.0,,S1626,974993,1,2.0,,6ee09b8c36d5123b30c22bcb0b65edb2
2241297,Return of the Scorcher,,1,1992.0,,R3651,,,,,fb423dc037f0bf38c5a4cb3c87047af3
1066080,Raja Ki Ayegi Baraat,,2,2007.0,,R2163,,,,2007-2010,d5e03f261ef1ab5923e73a1491212002
2395871,The Music of Erich Zann,II,1,2010.0,,M2162,,,,,1255bed81735b00a39320cee39e04d68
156742,(2008-09-05),,7,2008.0,,,156714,,,,bdc09b469f4d774483415a4824a74e84
1955843,Home: The Story of Valsetz,,4,2011.0,,H5323,,,,,c39841b224a3aaa458d0806350d3db84
1984338,Ingen som jag,,3,1999.0,,I5252,,,,,5845d03334b4b86ce52dac15cec56804
1782352,Collegiate,,1,1926.0,,C423,,,,,05986d8d6083bb797460ae7bff6d3554
331989,Mean Grandfather,,7,1957.0,,M5265,331925,4,2.0,,f7bbf51757d1b987dae1a89f2b2d6883
1955333,Home,V,1,2009.0,,H5,,,,,be87e58e5579c2508902d51348845f6d
420225,Todos contra Apeles,,7,1997.0,,T3253,420193,1,30.0,,21301707eede700c359e055de0b34ae2
1872955,Escollera,,1,2005.0,,E246,,,,,d9f96bd11f03935f381e916b5ffc11e0
1762797,Casual Fine Dining,,1,2007.0,,C2415,,,,,0677a1bdab31bdcd13e2db5294cf502a
1354373,Florida's Glory,,7,1990.0,,F4632,1354246,21,13.0,,d0669ca74b725aac98ab80481549b83a
121059,Baby Jake Loves Being Upside Down,,7,2011.0,,B1241,121053,1,11.0,,e1bf91719c129cf3ac895143b585e64a
2138767,My Last Day Without You,,1,2011.0,,M423,,,,,5161056f13f819509b433393d70732f2
1276357,Chocolate Up to Experience/Three Dag Nite!,,7,2000.0,,C2431,1276346,4,1.0,,c9b417b2b8bc424ba15531f2d4e98f72
959064,No Cookie for Dessert,,7,1966.0,,N2163,959048,1,7.0,,30f4a7d37f6af8c1f82e018efb296c77
1270423,The Adventures of Clint and Mac,,2,1957.0,,A3153,,,,1957-????,00da1adccafa261e4055ce785ccb1cda
1337513,Robbie Williams/Darcey Bussell/Paul O'Grady/Felix Baumgartner,,7,2012.0,,R1452,1337336,12,3.0,,12ae9b5a051a1c894591f6ce5a95fd74
1440396,Tears of a Sea Cow,,7,2008.0,,T6212,1440354,3,8.0,,acd13bc80f0b9001cc28f5d46f9075c1
1462349,(2013-01-16),,7,2013.0,,,1461233,,,,b0f2f132c6eecc2b961a42cb2c87a5e0
786380,(#1.33),,7,2010.0,,,786371,1,33.0,,e19e16f6385cdf7c5544baa3a7be84ed
676072,"Barko, the Holiest Dog in the World",,7,1998.0,,B6234,676068,1,9.0,,5ff0da4f00f8f0eca8f5af8ce8ee8470
1784179,Coming Soon,,1,2011.0,,C525,,,,,91f9425d7467fa1cee1ed8d3de113507
1006428,(2004-02-26),,7,2004.0,,,1006218,,,,a35ee68b150f6ff7f3ee2b8502b6333b
1132488,(#3.158),,7,2012.0,,,1132262,3,158.0,,4ee99efa152f449f652db1f9c0813912
1996112,"Jana, das Mädchen aus dem Böhmerwald",,1,1935.0,,J5325,,,,,4bd4d39468c0000019ba222f25d11645
926214,(#1.6437),,7,2012.0,,,920989,1,6437.0,,b2fc930f65fc6da95ad48cd8b93369bb
31588,Brooklyn Bridge,,7,1995.0,,B6245,31583,1,24.0,,4333cca41fcc0961aad225dd8d45e79f
1522652,(#1.80),,7,2011.0,,,1522568,1,80.0,,eb5b9b5c92963f98303c29b6063edbff
870321,Barres i estrelles,,7,2008.0,,B6236,870302,,,,63e4a2921e979cd79d74c1b69d8ba0f0
125020,Die Mördertauben von Eving,,7,2000.0,,M6363,124978,5,15.0,,794178949d3b7563fe2f760b511cf638
1087226,(#1.221),,7,,,,1087176,1,221.0,,1d697474ac16796b8d50985b3a457c36
2527411,Tulsa,,7,,,T42,2527650,4,4.0,,00baeff3dc550007ff01f7a57a288f7e
1232003,(#3.12),,7,2011.0,,,1231973,3,12.0,,6c0da82a11717b92a11577ad726c3a24
1781260,Codename: Kids Next Door - Operation Z.E.R.O.,,3,2006.0,,C3523,,,,,d929a8101f5cf145291798850ec4df05
772299,(#1.10),,7,2005.0,,,772297,1,10.0,,1dbd98e84d757e16582016e3e16040e0
1687851,Angel of Mercy,,1,1939.0,,A5241,,,,,3052fe6d65dfccc34d795fc978340d9f
2208618,Point of Lighet,,1,2011.0,,P5314,,,,,c10e039e4199d26b9fa72da03f096420
1908093,Fuzion Frenzy,,6,2001.0,,F2516,,,,,bb8dabd097455c8c2970527f52de4312
1910927,Gangland 42,,4,2003.0,,G5245,,,,,f8443a4237f95a854d471140a5108b24
19868,(2008-10-22),,7,2008.0,,,19792,,,,6c9ea8b2bf41b21549887962732460a4
383573,First Wives Club: Part 2,,7,2005.0,,F6231,383079,,,,26d87425066b438d3e1a0cb16e303e36
628095,"What's New, Poodle Dog?",,7,1966.0,,W3251,627961,2,6.0,,0cf9114556f0be8aa5aaaf92964bb441
1337029,Holidays,,7,1982.0,,H432,1337005,9,5.0,,fd9a6e40104bd2c2e5fe744119fb0490
560263,Karl-Gustav sucht einen Song,,7,1991.0,,K6423,560132,20,5.0,,de522455bfa6ee4411e467326b737130
1646729,A Cum Sucking Whore Named Kimberly Franklin,,4,2003.0,,C5252,,,,,d5d8718c9f4e70d4badbba0ff975b8bf
238211,Band Games,,7,2005.0,,B5325,238109,4,16.0,,f5657f3b180d4879d7368c68f90c0d50
2058999,Le fou de mai,,1,1980.0,,F35,,,,,f35b6999256e8d3f98579a0c7e1f4481
1224739,(1974-01-15),,7,1974.0,,,1222059,,,,032e51dc1de38f1666375e6615c4437a
2342074,The 25th Man,,3,1982.0,,T5,,,,,8ffe3f2b2ff9a64bd7f07b9d09c4c20b
1891983,Fireworks,,1,2010.0,,F62,,,,,3731bde44990a1933866fe530084739f
1454599,(#1.8016),,7,2004.0,,,1453086,1,8016.0,,cb63f36bf3d71e7402806f840a827695
2382840,The Kinda Sutra,,1,2009.0,,K5323,,,,,000e87788b4f18cc88975e776ef33da6
1675629,All I Want for Christmas,,3,2007.0,,A4531,,,,,e56288a4ebfb47a595c32c52425a14ad
1371289,Offenbach: Les contes d'Hoffmann,,7,2009.0,,O1512,1371260,4,4.0,,3f2b6f68813f4eac7b18c97b93807a7b
256296,(#1.28),,7,2012.0,,,256275,1,28.0,,d0af8a4bca8bee4a1a99db56d1b68bf2
252446,Cuba,,7,1998.0,,C1,252439,1,10.0,,4f2c10bf75e6b41a360c5f87e53b515a
497620,Alles hat ein Ende,,7,1995.0,,A4235,497613,1,1.0,,d038f0a39bf9ea82d321b215b1694755
759196,Outrigger Canoe Race,,7,2008.0,,O3626,759186,2,10.0,,3fb176d7c8661fa63307233deaff7649
648504,Japinha,,7,2009.0,,J15,648481,3,9.0,,ec448d55ad1c0aedc09f847c724c4bfb
1818535,Der große Deutschland-Test,,3,2004.0,,G6324,,,,,8c863a72284deef84a26be59d5b7f439
1097068,Last of the Sasquatch,,7,1999.0,,L2313,1097066,1,20.0,,dd11c73321e97f8562f84e6c1aa78f96
731757,Strip Show,,7,1999.0,,S3612,731718,2,4.0,,6aafeea37149624a5eb8b7284a256eea
805655,(#2.15),,7,2000.0,,,804109,2,15.0,,8a47eb4f46591dc983695bf1ce052168
1714037,Bargain Sales,,1,1907.0,,B6252,,,,,39b806d7dbf160a53bf4aad061b2aaa7
816384,(#1.32),,7,2010.0,,,816138,1,32.0,,35463dc521d06273c1d50dfca3d26029
2189098,Paper,,1,2009.0,,P16,,,,,471672024876ccfed739dffe5f9e177f
1546336,Atlanta: Job Hunt,,7,2011.0,,A3453,1546314,3,2.0,,386284d8ab1fdad5514114a17b6574fc
367772,Duffy Calls the Tune,,7,1959.0,,D1242,367671,5,26.0,,733e72047d4620033668cb2837e9f8ec
443881,North Cornwall,,7,2007.0,,N6326,443861,,,,daec26644401c6715780fa869a75baf3
851911,McKeever,,2,1999.0,,M216,,,,1999-2001,71eb87b80977a03f4582313eacf7b088
730595,La maison du canal,,7,1988.0,,M2532,730591,1,10.0,,8f2ee718d7c8c313e29e3f689e6ccbfa
2265615,Scent of Memory,,1,2010.0,,S2531,,,,,b1a0d0d264684a032693e22476605205
2016146,Kejserinde Dagmar ankommer til Gentofte,,1,1904.0,,K2653,,,,,c1aa79ee3c0f820a01a500ab210801e4
1012567,Shoplifter at Shady Rest,,7,1967.0,,S1413,1012437,4,20.0,,17495a7ba7cb020294ee0201ca4149bf
1860228,El imperio de un milagro,,1,2006.0,,I5163,,,,,44fd6a98a2dfd782dd50bd79d66214c8
1436917,A Quality of Mercy,,7,1961.0,,Q4315,1436908,3,15.0,,24ebaa1fee42b3db131fcb75e54580ec
2060319,Le mort,,1,1909.0,,M63,,,,,1376d86173935e156f4a1e5254c58857
2176199,One Page of Love,,1,1979.0,,O5121,,,,,a4cf5f4b8809503bb1ce5ae53570cc0a
2089954,Lullaby,II,1,2008.0,,L41,,,,,8ac63ae977f9b7c8cd1393c18faaf307
624624,(#11.1),,7,2004.0,,,624604,11,1.0,,b6855e5194a27bf3e4a40788a99da169
2490823,Weakness Into Strength,,1,1958.0,,W2525,,,,,4cd860061eb829e23504e2099de27457
1407618,Crushing Riley,,7,2009.0,,C6252,1407601,3,30.0,,ee1213761739fddf9060612a0b480df0
8384,Film at Eleven,,7,1991.0,,F4534,8343,5,14.0,,313acaa44233c0b149c7c0c22930b575
2115695,Mexique: un pays au bord de l'overdose,,1,2011.0,,M2512,,,,,191d2494ca41d6bb28bc6fd94d4c609b
1755141,Caffeine,,1,1999.0,,C15,,,,,361d9aa30c939f022670bd35f4b57b24
365219,(#2.7),,7,2004.0,,,365206,2,7.0,,1a09d4b92e8145e45d6076c5c8a7c63d
1234755,(2008-04-22),,7,2008.0,,,1234734,,,,241ac4afb69af46dd02423d9316a2e07
2317739,Stuck in the 5th Dimension,,1,2007.0,,S3253,,,,,6d38723b11e3470458beea3533c1a873
2297296,So You Want to Be a Paper Hanger,,1,1951.0,,S5316,,,,,b0d1c3de41b1f67318c41d33d8053e56
69669,(#7.2),,7,,,,69220,7,2.0,,14c8fab1dc3b2ed670257752899d9f32
1506315,The Case of the Broken Trophy/The Dog's Got Talent,,7,2010.0,,C2131,1506285,,,,104825878e8b9867001858dee367e580
1841775,Dorozkarz nr 13,,1,1937.0,,D6262,,,,,955049b7fda162d9945f27a4f761c7c1
300396,Sakura no shita no kanaria,,7,2003.0,,S2652,300382,1,4.0,,110b2614f84afb836ea8467d34825498
982358,George Hutchings: Shoeman,,7,2010.0,,G6232,982290,4,168.0,,caef6bc42961d235e6d0b5afc37f2d16
1105355,Ryuuma no daishibai,,7,2010.0,,R5321,1105325,1,27.0,,60d4c645103244904945c706789dc485
2221112,Protest,,1,1999.0,,P6323,,,,,4a37db9d8f296922d2c597e3601fd3c9
1072173,The Gauntlet III: What Goes Around,,7,2008.0,,G5343,1071945,15,7.0,,16a0b814c6aef4b25773f1d7978892f7
2266400,School Fire Drill,,1,1900.0,,S2416,,,,,5510295c8daf0b2ead728459cf95339b
745096,(#2.9),,7,2010.0,,,744979,2,9.0,,551c47d5a7b07cdcdc5fc77794375330
1875820,Evasive Memory,,1,2008.0,,E1215,,,,,8ce884971ec09a0b4a11f0306a791cd4
671014,(#10.205),,7,1994.0,,,670713,10,205.0,,353d1e2ed9e49027d48afb9174697595
1804356,Darkened Skye,,6,2002.0,,D6253,,,,,22367b8591cbdf8812e492ae795dcdf1
308709,Hasta luego,,7,2000.0,,H2342,308694,2,1.0,,eeb48b4b2a3ff5ab9ccb91f13fe861c1
2525556,Üç halka 25,,1,1986.0,,H42,,,,,fa0ea68c01305c3c2b01f7b1896a4137
2221424,Pruebas de amor,,1,1994.0,,P6123,,,,,f2af65b077c0cdc6167a279491b1d2bf
1325922,(1951-10-14),,7,1951.0,,,1325914,,,,043a47535c7ef89d43dd8d76479e7111
864714,Fraude,,7,2009.0,,F63,864668,1,95.0,,5dbf4856b0d6c7473ddebcbb6915593e
1883596,Far Cry 3: Blood Dragon,,6,2013.0,,F6261,,,,,b9ad9c98cdf0ee689c7e656257ccb3ef
1218202,Playboy in Braille,,7,1987.0,,P4151,1218179,,,,25c7525071a636accbe42907fe3df69b
1622711,Dinner for Two Many,,7,2008.0,,D5616,1622695,4,9.0,,8b0a8d8b04dd9e0db69a2d40e19985d7
838478,(#1.102),,7,2010.0,,,838473,1,102.0,,cb6eced60196763a71ab53885cc56ffb
1153812,(1997-04-11),,7,1997.0,,,1153690,,,,8924e33ab40babdd9d029cc7d6186a79
1376481,John DeSoto,,7,2007.0,,J5323,1376476,3,6.0,,2c4ddaa736c3885ce102e25d119204c6
1462587,Newton Centre Project: Part 14,,7,2010.0,,N3525,1462426,29,14.0,,098938717e72cf8917b280c52250f0a1
2366582,The Experiment,,1,1978.0,,E2165,,,,,47b444f6e4742928c885fc2a1503b0f1
28350,"DeRidder, Merryville",,7,,,D6365,28326,4,5.0,,930c3212ece5e56a94958b2b35d96147
1817356,Der Ausbruch,,1,2000.0,,A2162,,,,,ea5158a61a492dbb88783e2c38862e4b
2247213,Robot Wars,,1,1993.0,,R1362,,,,,e002a9b31f4111080a0b103689d353b9
1498475,Buenos Aires - Die Leidenschaftliche,,7,2010.0,,B5262,1498474,2,1.0,,b70d0eb83fc9e32cce28803785274b24
596631,The Beach Bungalow,,7,2012.0,,B2152,596566,1,49.0,,fd18df396839d93226934be7ab1fbc5e
1720131,Bein Hashurot,,1,2010.0,,B5263,,,,,bf8d04ae3dd218d9b2d089703f3edbfc
512379,Rocky gegen den Rest der Welt,,7,1996.0,,R2535,512337,3,1.0,,9c28a3db0ba24aeba2acb3664112ee63
2056611,Le avventure di un viveur,,1,1920.0,,A1536,,,,,f7ec74a7ff5d2949231e957c2f2b9cc0
784504,Music of the Soul,,7,2012.0,,M2132,784494,1,12.0,,c97bc6929e239e2bc55f89f61fab3949
1666242,Adli el samaa,,1,1948.0,,A3425,,,,,576dbc2ce60fd50303fdf6ba3804c272
459444,She Tans My Hide,,7,2005.0,,S3525,459323,3,13.0,,21d63c234c6d726c677627a7abd05dc0
1581764,Famous Stutterers,,7,2011.0,,F5236,1581636,3,92.0,,2fda7df30cfaba5857e16f7a2ef18902
1597728,(1998-05-16),,7,1998.0,,,1597385,,,,1e5242d0f9cf7b5f648e488462963115
137974,(#1.15),,7,2004.0,,,137945,1,15.0,,f035083e3b9b6ccd1eff432081850d10
717755,(#1.9),,7,1999.0,,,717747,1,9.0,,0c0c9b32921991d9f7bf7a6d0cc337f4
557965,(2004-01-28),,7,2004.0,,,557949,,,,000b70858d050646dbaf618ecd30b6c6
1930378,Gui qu lai,,1,2004.0,,G24,,,,,49db8eab5a75462dd2407b6a114e8b76
415858,(1999-12-23),,7,1999.0,,,415396,,,,a98597f9e0f2f9b2371d9384d8070176
1775218,Chunky School Girls,,4,2002.0,,C5242,,,,,66531dd175ef7941560e500aaafd89e9
2264530,Say Hello to the World for Us,,1,2011.0,,S4364,,,,,3858d100b7f1a199cee66abc6874f43b
2384316,The Last Drag,,1,2012.0,,L2362,,,,,9c330b8429376928a02d68c68f22bb24
1715814,Battle of Britain Sunday from Westminster Abbey,,3,2010.0,,B3416,,,,,589dd0f8d8a38a873e6528eb3a8dfb3a
985017,(#1.136),,7,2004.0,,,984975,1,136.0,,2f5ea6a8963d3d938cf827387ac22fac
955132,(2012-04-24),,7,2012.0,,,955006,,,,5e76f1e166b8fc6b83977088a97d3fe6
1469655,Explosie bij de steenberg,,7,2010.0,,E2142,1469652,1,1.0,,fca97f71dd0aca4d46cf0383c73d0b41
2393117,"The Meek, the Mad and the Misinformed",,1,2012.0,,M2353,,,,,75115accf0465e64f87024bcd16e194e
2000409,Jigoku no mushi,,1,1979.0,,J252,,,,,02dac269ac0e984e96b63373305c64fa
754484,(1995-10-06),,7,1995.0,,,754434,,,,c86df9c2a214f14b930444275dc5fc40
1284431,"Thurman Johns, Reporter: Phoenix Arizona Gazette",,7,1956.0,,T6525,1284160,8,4.0,,dbeddd0ad4991d8346b3454ce1fe1380
2052095,Lamyata,,1,1974.0,,L53,,,,,d89fbe75197c27f35100f6dadbf9d79a
1034525,(2007-05-21),,7,2007.0,,,1033695,,,,54bcb50596930ed5c1405c68bb115b16
831081,(#1.2),,7,2009.0,,,831078,1,2.0,,20668d51cfaa030b57e195a83c002989
886608,(2011-07-19),,7,2011.0,,,886558,,,,cea45c11b7b29a07a321a97476103812
173158,Ray Nagin,,7,2011.0,,R525,172759,,,,b91cd1d2c9fea94c95f2adca7abeab7a
1467069,(#13.54),,7,2007.0,,,1466193,13,54.0,,7ed4e4eda1188fb81b4df867518f99bc
515589,(#1.12399),,7,2011.0,,,513605,1,12399.0,,8ae1e71a7ef23d8b1f3994a45658285d
1328035,(#6.13),,7,,,,1327976,6,13.0,,c3b9b60325cf44a6839e28553deea110
304888,(#1.2),,7,1987.0,,,304886,1,2.0,,ed304efb419ae6479ffa4cd9cc6c4f5a
757388,Nature's Child,,7,1970.0,,N3624,757143,17,7.0,,cb06f1f6db97c85b0e11141c1fdbe910
1603382,(#9.35),,7,2008.0,,,1603053,9,35.0,,124c4ac0dc2ab15daca886dcdae2cfd4
1367697,Fit,,7,1989.0,,F3,1367690,1,2.0,,863d0834892cc7fa3202c8a908985408
1882446,Familles je vous hais,,1,1997.0,,F5421,,,,,bc47e74a180ca3a4f21ae4d9ec335a46
276104,(#1.6951),,7,2008.0,,,269496,1,6951.0,,3aa19d9f1a2e40abd5b3cf9e7919b655
1249139,Revenge of the Fly,,7,1993.0,,R1521,1249027,7,22.0,,9d2648f13c041037adf4ac86417b96ab
965983,(#1.6),,7,1992.0,,,965978,1,6.0,,b853592e1f99542f00f22b4745c42651
1916593,Ghost Soldier,,1,1999.0,,G2324,,,,,128c2c63b287448fe0c7a605eada29ae
1778398,Classic Albums: U2 - The Joshua Tree,,4,1999.0,,C4241,,,,,53aac47bae002581da556d75d60a5c7f
910646,Farbe bekennen - Wer hört noch auf die Intellektuellen?,,7,2005.0,,F6125,910577,,,,a669328734308704d3fafd10f4701026
161465,Biuro kryminalne,,2,2005.0,,B6265,,,,2005-????,2d825cb90847e4fd2d54925e01080c9e
2332129,Tammi Ann Exposed,,4,1997.0,,T5212,,,,,0db14f6fbfc3068169bcc983f41752a7
1500208,The Lovers: Part 2,,7,2005.0,,L1621,1500168,9,2.0,,a00491d4236d9e3794da1e659c3157a4
2126098,Mon amant l'assassin,,1,1931.0,,M5342,,,,,a3c6c7a43163da6107c5c9959e8d37ab
973211,Everyday Is a Sunday Evening,,7,2006.0,,E1632,973169,3,20.0,,bf7fe54e8438a58df14ccbc6af282bd7
1334408,Ronnie's Twenty-One,,7,1957.0,,R5235,1334200,7,43.0,,22e548f3eb6563a23a14a7541f592f0f
1735248,Blonde Ice,,1,1990.0,,B4532,,,,,d2de645f452e185ef2be58cb711b941c
60254,(#1.177),,7,1997.0,,,60247,1,177.0,,8f1612bf185c2f2ee604274d87b025c4
151359,Dressed to Thrill,,7,1991.0,,D6236,151337,2,6.0,,617e3977d19cc267c3d11dbafa87668f
753469,"Stone Patios, a Waterfall, and Shrubs Evoke a Woodland Feel",,7,,,S3513,753455,20,5.0,,68cb0433f54dc88e9b92c0e6592bb181
1518843,Uma Aventura no Teatro,,7,2001.0,,U5153,1518799,2,7.0,,699a514cd686cd7d730c3b87a2c9eb2d
1116619,Omatunto pistää Katjaa,,7,2002.0,,O5353,1115333,1,634.0,,3738d19a6e65d183a207e906267109c8
2474329,Vatertag,,1,1955.0,,V3632,,,,,a17bb4181a1143d616eb036861d7426e
1942826,Heavy Horse Pull,,1,1980.0,,H1621,,,,,7110b25676b3840e7fa27d786261406f
1048549,The Reunion,,7,2000.0,,R5,1048472,2,13.0,,aa828e3777306c11e7956c51adf09db9
1565593,Wave Goodbye,,2,2012.0,,W1231,,,,2012-????,ea91432384a243efce1ade5649abcc47
1535551,(#1.11),,7,,,,1535548,1,11.0,,e97efd34910a7a337d5872a750365876
1273892,Orson Special,,7,2008.0,,O6252,1273807,,,,301e30e30537158626b96d7a6dfcb06c
947208,Phone Cake,,7,2012.0,,P52,947203,1,4.0,,24c47acdac0d8c9b34e95537e223238c
1264293,Hyde Gets the Girl,,7,2001.0,,H3232,1264225,4,4.0,,43c3e7c672507702202477038189598d
1997542,Je sais,,1,2007.0,,J2,,,,,d8721ab946c57cc9cd6c103f2b792c60
436010,(2002-06-08),,7,2002.0,,,435842,,,,9f6003b4cd9afd9e1d51daa3aca1d169
1713012,Barbacka,,1,1946.0,,B612,,,,,3acf914c1cc2ddb40d59d227147f651e
1201136,Wo die Liebe hinfällt,,7,2002.0,,W3415,1201111,1,2.0,,54adbec7b38de99a2dc718bba1256993
1463702,The Prime Minister Says Yes,,7,1975.0,,P6523,1462946,,,,92f45351e25443ce2e80c7f1da6a91fc
1474165,(2011-01-07),,7,2011.0,,,1473884,,,,1117a8b703a041dd048404a103f7d9d1
2201554,Piccolo calvario,,1,1913.0,,P2424,,,,,2a0fb331a8ed67005e759d3a395c3c22
1668309,After the Fire,,1,2012.0,,A1363,,,,,24f069e249fa2221c53b48fc68b69a10
302897,(#5.16),,7,,,,302789,5,16.0,,ca6ff5e7df79353eec9c850a6038267c
2432194,This Isn't 'The Twilight Saga: New Moon': The XXX Parody,,4,2009.0,,T2534,,,,,f1e18fca173da74cb66ee5b9b0ae8339
57765,(#1.9926),,7,2008.0,,,55774,1,9926.0,,38133500c819c2fafe9f050f1a53f04a
942745,(#1.3),,7,2009.0,,,942692,1,3.0,,ac5d6e1a286ca10fbc8be2a2de64e49a
2312705,Steps: Live@wembley.2000,,4,2000.0,,S3124,,,,,60c29cfc2cc4a89337443ecf6c3d8111
1771752,Child Star Psychologist,,1,2011.0,,C4323,,,,,cfd8c3da16b7ea8b3161f77bab9eec32
1845156,Dream Dust,,1,1949.0,,D6532,,,,,0f5d0178533388a0475f048aa3557274
435804,Regreso,,7,2008.0,,R262,435667,1,53.0,,7ff8f3e2ef9d164d4d39317fb1da0a5a
2088347,Lovers' Delight,,1,1929.0,,L1623,,,,,9226862a06d7c549d7c46971bc010fa7
606748,(#1.30),,7,2012.0,,,606722,1,30.0,,07ff6f668616966c146e20a6b5d538cd
2470693,US Open,,3,1982.0,,U215,,,,,550cbd027d786460b2126a6f8c6c3c4c
1334498,Eddie Fisher Guests,,7,1958.0,,E3126,1334492,1,8.0,,7b4d66be243bd4bd394b80276739bb5a
1023859,(#3.79),,7,2006.0,,,1023114,3,79.0,,32f4a224eb2676913214a95c42c5d7fe
1508872,(2007-05-23),,7,2007.0,,,1508775,,,,f64b813a03406fe66398c17dc84b7610
1399003,The Little Sister,,7,1949.0,,L3423,1398813,2,3.0,,99a5515f0cc9bccb82dc8aadbdcdd86e
643783,(#3.8),,7,,,,643782,3,8.0,,0685d095eaa48b0bce6f4a7bd2596ec4
532226,(2006-10-19),,7,2006.0,,,532117,,,,99ac9377632c604aafe0b8c5a59ee1cb
620721,(1998-03-13),,7,1998.0,,,620172,,,,e0c8e367be7290f6471eab50fc88ecaf
1681808,Amiga de los amores mal entendidos,,1,2006.0,,A5234,,,,,50fae14d5d8795d00fb652bbcf97072a
1629962,(#1.15),,7,,,,1629932,1,15.0,,aa0638be5e467e43f25d15ef0f96eeaf
1781406,Coeur à prendre,,3,1994.0,,C6165,,,,,9d42eb63359738a7452c3aca2bc3994c
1200790,Your Cheatin' Heart,,7,1997.0,,Y6235,1200630,7,3.0,,831ba5617f5d41774455209cec165042
701374,8th Story,,7,2005.0,,T236,701363,1,8.0,,3d04be24578d9f3b42af24e894bda0e9
550822,Grill vs. Grill,,2,2012.0,,G6412,,,,2012-????,6e5b07ab1da36fd359948f8241acc1cb
779217,"'Sans Crier Gare' Indian Pacific, Australie",,7,2011.0,,S5262,779213,,,,fcda4b7441c58da4d199e8d838cdfb5a
1527880,Follow the Shadow,,7,1996.0,,F4323,1527366,,,,66db6585a72535c9e9cef3ff64e0f96c
1074517,H-Hour,,7,2003.0,,H6,1074509,1,1.0,,6afcf68e128b40722dea1187337db6ab
1484871,(2008-07-21),,7,2008.0,,,1484679,,,,6ba90298897ddf919fc7c51e24d38993
612345,(#28.8),,7,2011.0,,,611044,28,8.0,,892e0b842ea04ee8dbf925f6c718fb00
1311621,Ben Stiller,,7,1998.0,,B5234,1311401,2,80.0,,c5c4e9fabdf2ebffd43dc50a3a49d4cc
472422,Fashion House,,2,2003.0,,F252,,,,2003-????,059ec6bd0baeb2a70fe5f8cb16f91ebc
914270,Shugyô no seika,,7,2007.0,,S252,914058,1,3.0,,33ae24acbd0ee32b29ffd8250f360297
1006410,(2004-02-02),,7,2004.0,,,1006218,,,,0931e916973ead08dc885befabcdafd9
825344,Life's a Drag,,7,2013.0,,L1236,825343,1,1.0,,f3a5d53c5066316794d0c6a97f708d76
704326,Chase on the Lake,,7,2009.0,,C2534,704306,,,,75b26ab8430e07bd96a0464930b76293
2501538,Will Penny,,1,1968.0,,W415,,,,,8145ba2191d1ac05f13056bc9c75ca70
48747,(#1.168),,7,1963.0,,,48670,1,168.0,,9c27dbf74f4738b687ce54f46436a65e
88754,(2000-04-26),,7,2000.0,,,87087,,,,1ecbdcb6c509286a937d67dac99b34b0
779449,La statue,,7,1995.0,,S3,779378,1,14.0,,73eeeeba3312924c93679a1241bcede2
1830280,Die Pfauenfeder,,1,1987.0,,P1513,,,,,221804ec3ab208704fd4b878e9185276
1730120,Bir vefasiz yar için,,1,1969.0,,B6126,,,,,9888ec96f8bd7d833eedf7685d233003
867999,Cyberskull II: The Next Level,,7,1994.0,,C1624,867987,2,15.0,,30989589cfa8863121b63f8f5814f467
2237396,Regards Noirs,,1,1995.0,,R2632,,,,,ccc2974730175b7e3876490f14bcf33b
2147383,Naval Escort,,4,2000.0,,N1426,,,,,dd82823f14240a4f4a90af1496df3e0d
170626,"Yoshio Harada, Michiyo Ohkusu & Ittoku Kishibe",,7,2011.0,,Y2635,170424,,,,be187fe2834fcdc06bc613c28bb7e99f
328104,(#5.82),,7,2010.0,,,327288,5,82.0,,c295e77dc082cb65da488a4516a5fff8
376153,(#1.163),,7,2010.0,,,376081,1,163.0,,b84e8cb9e51f4c62a3969a5dbb577866
1616759,(#1.36),,7,2004.0,,,1616469,1,36.0,,30e0a18c8b30521c55fa4c02e7a36e71
2338403,Teniteni,,1,2003.0,,T535,,,,,641770edc6b10ddb7e01fdeed52e0580
1625244,Zulufonen,,2,2012.0,,Z415,,,,2012-????,503f5dee1678e330a9cb004c0a5a1336
1184783,The National Bank Chase,,7,1964.0,,N3541,1184743,3,7.0,,84a3e5458f083818f6fff98aefda013e
280937,(#3.22),,7,1983.0,,,279634,3,22.0,,af70b1214ff26e0a03e175f2f493204d
1203745,The Storm Hawks Seven,,7,2007.0,,S3652,1203697,1,21.0,,cae35332236c31629cf90f6bd0d15a52
1359166,(#5.87),,7,2009.0,,,1358194,5,87.0,,6b192372e56636b51c3f7c0a073696db
2522010,Zvigenis kbili,,1,1959.0,,Z1252,,,,,6ba2b0e17c6289f297633b66558ecc6b
1437272,Fine Adjustments,,7,1990.0,,F5323,1437263,4,6.0,,fb046ccc1c79c42edad31f1991a9787b
574745,Osteoarthritis,,7,2007.0,,O2363,574604,8,20.0,,13cbf1cec091eb44fc1750cd9297d946
2377324,The Hero,II,1,2003.0,,H6,,,,,bb43171bf03e31d1a4a3b26f73211558
1435954,(#5.24),,7,2003.0,,,1435729,5,24.0,,61f4e8f379fd2c7622d73af15af9c534
1796360,Cum Filled Throats,,4,2003.0,,C5143,,,,,b8ecadb457919eeab3bbb44e15e87abb
555810,On-Point Pepper Pork Party,,7,2010.0,,O5153,555673,9,3.0,,ae3f8b029ceb2899e26423e3c55e584d
2202951,Pilgerfahrt nach Padua,,3,2011.0,,P4261,,,,,7969ce069ef8240c8dcf5e35f60444d4
1961723,How to Keep a Job,,1,1949.0,,H3212,,,,,9d351a1fa1e597363c133eb315f29352
1030790,Polly Adler,,2,2008.0,,P4346,,,,2008-????,88ff76cc25df447c9ccd6b2704ea1fe8
1274786,I'm Gonna Throw Up on Phil's Shoes,,7,2002.0,,I5253,1274683,2,7.0,,2b9114499231e9be44a8876f1355bf15
1308017,IWhat,,7,2012.0,,I3,1308004,1,5.0,,b30208f147d7c23dd1296684b520513d
1655383,A Present from Father,,1,1913.0,,P6253,,,,,7b0168ec79f4296839df6cae1e5c9b8d
1248638,(#1.8),,7,2009.0,,,1248634,1,8.0,,c3e34a06f5f2cb5071a302f122915127
803568,Vince Hill,,7,1979.0,,V524,803445,,,,ba71f25963111da771f72161e97b2533
2100682,Mangalam Veettil Manaseswari Gupta,,1,1995.0,,M5245,,,,,a2d64040874167a208fc4299d19dde79
594614,(#1.3165),,7,2011.0,,,593369,1,3165.0,,856904b358d14c3a9c9fa5fca8385741
2269602,Sebastian Kneipp,,1,1958.0,,S1235,,,,,fdb30b67d64662aae9dde2052b0aadce
950480,(2008-04-14),,7,2008.0,,,950285,,,,5dc7a4bc21106e504d203c49965ef43b
1580589,Kansas City: Girls Gone WYWO,,7,2005.0,,K5232,1580559,3,32.0,,7fa43ddce2033c02810f1ba434a166d4
1507747,Veneno de Cobra,,7,1958.0,,V5321,1507709,1,22.0,,cfcf05e888ba66b11181b5c3eed73381
55430,Bad Blood,,7,,,B3143,55427,,,,7f92e1fa8d1a9dec98faaba9be0622e9
1503980,I'm the Big Girl,,7,1998.0,,I5312,1503704,,,,d5dda750360310039a43f49af6ae09d3
1916521,Ghost Notes,,1,2008.0,,G2353,,,,,2b3e569f07df47699fa6a5475627bf7b
1891018,Finding Solace,,1,2013.0,,F5352,,,,,d02dd5921432cde4baee7f94f58621d9
2263878,Savanna's Secret,,4,2006.0,,S1526,,,,,85d1ca74c77eefde83241e29408e6725
1423241,Perseus & the Gorgon,,7,1991.0,,P6232,1423238,1,2.0,,4e5106d98b50220ed367bb6d290ebd77
243492,(#3.1),,7,1998.0,,,243468,3,1.0,,f8eee28429a6096e61e0ae4963fbfcb5
2110001,MechAssault 2: Lone Wolf,,6,2004.0,,M2434,,,,,0929e41d03bb765fbd57eb0a66d46922
2253052,Rule 'Em and Weep,,1,1932.0,,R4531,,,,,73266820c25392fc30c4a70480d60284
2396012,The Mysterious Jug,,1,1937.0,,M2362,,,,,8f67147ae6c9feb9d4180e3c89d8c6f2
1919994,Glamour All the Way,,3,1964.0,,G4564,,,,,9adcfe3dbd44310d500dfc975d1ee225
970053,(#1.10086),,7,2007.0,,,969967,1,10086.0,,a19c49bf84075752f85f57649d61815b
1482394,Wie de handschoen past...,,7,1995.0,,W3532,1482174,2,6.0,,f3874e681d79c76c33e83026661713e0
230593,(#4.72),,7,1998.0,,,229893,4,72.0,,5bcd38f66e2ef264992dcbc4a2cb1676
462764,(#24.16),,7,2013.0,,,462163,24,16.0,,f2ecc7b163036ffe3caee76cbb287e5e
1180995,(#3.6),,7,2011.0,,,1180959,3,6.0,,b404c89179052dfeb1c7856aae7b47f6
2176027,One Night Suicide,,1,1996.0,,O5232,,,,,22ee72a2abd39467e2d8fa84b3b56af7
2470428,Urination,,4,2000.0,,U6535,,,,,8a1a2411e795e9ce7435e74d99cd7bc3
453870,Everybody Hates Houseguests,,7,2007.0,,E1613,453829,3,7.0,,f1f56738d32c4ef56a0034bb2bb1dbbd
1388985,Dr. Buzzard's Time Chamber/Winnie P.I./Foiled in Oil,,7,1999.0,,D6126,1388968,1,17.0,,e42fcb408e54657a56cd3b47cd9c8eec
1562918,Wolfgang Zimmerer - Olympia-Sieger im 2-er Bob 1972,,7,2012.0,,W4125,1562883,,,,573f904c559669f47f911463962fe86f
785649,Blackout,,7,2011.0,,B423,785639,2,10.0,,f69ba7ce0450f617bb34632167d98226
2367736,The Fashion Po Po,,1,2009.0,,F251,,,,,afab92dca0cf610061686dc232b83dd3
1446693,Bartlet for America,,7,2001.0,,B6343,1446673,3,10.0,,d536d3698c2b0f2e1dfe518f0e81dff4
1565628,One Step at a Time,,7,2006.0,,O5231,1565617,4,6.0,,56ab250b657e653c197996a1af0d4af5
1965698,Hård klang,,1,1952.0,,H6324,,,,,49145c6a6b0dd754686c08ea1fe180fd
838287,(#1.26),,7,,,,838284,1,26.0,,a14302484faec56ddde5e91e660544e9
327567,(#2.77),,7,2006.0,,,327288,2,77.0,,76d80f58d38d30a3b00e46e50e12476a
2087399,Love Scenes,,1,2004.0,,L1252,,,,,b55a0d85c5a30b16ab6699572cc29292
1820960,Der Theodor im Fußballtor,,1,1950.0,,T3651,,,,,4355d16dfe481e4c5a6b456d70f5b98f
199523,El sitio,,7,2008.0,,S3,199421,,,,64d2f2c76c4a100ef05eb1766d3b75ed
561513,The Blood Donor,,7,1961.0,,B4356,561511,1,5.0,,5fa4513dbbf0dc6d80c4a5a40350d303
1688654,Anima allegra,,1,1919.0,,A5426,,,,,de5d9cb9f81f9d939ed7a7b5e4dc3c5b
1002983,Die Kartoffelchips des Mr. Crum,,7,2006.0,,K6314,1002964,3,2.0,,ab765b9c4d81aa4023086aea0faf1dd2
658117,When Thieves Fall In,,7,1968.0,,W5312,658052,1,7.0,,cc2aa647541b00548c6ad5fb15506479
1882805,"Family Works: Inspiring Profiles of Family Business, Vol. 1",,4,2010.0,,F5462,,,,,257e76cbbd07ad2de580b7f71cb71deb
502251,(#1.12),,7,1993.0,,,502247,1,12.0,,9bc5cf94340a0e4640f6acf03f308053
1188337,Professor Snow and Madam Ice,,7,1973.0,,P6126,1188330,1,6.0,,1f98adfd326c4b27f8fc4f8327d12301
1308873,Dukerella,,7,1995.0,,D264,1308865,2,9.0,,e8999c764a3361822d94f39204a97c68
950843,Anthrax Investigation,,7,2009.0,,A5362,950834,,,,528eacd6132f1d783661dd906fee30a5
2074223,Life's a Gas,,1,1992.0,,L12,,,,,6ac1bd288f35e4f26271fa3bcf103d05
1857045,Eksperto: Ako ang Sasagupa!,,1,2001.0,,E2163,,,,,f91448c8d58c9977fb4031736da0ee28
1837594,Doctor Who: The Companions,,3,2013.0,,D2363,,,,,55da63ef25fa879fc4879008d1a75c5a
1845036,Dread the Trail Dragon Fire,,1,1974.0,,D6364,,,,,a45cb977037e1ed5d2e842544ad4700b
565301,(#2.8),,7,2008.0,,,565280,2,8.0,,e48cfd30984f256497bcfc3a22a04d70
2262067,Sapphire Man,,1,1988.0,,S165,,,,,6b1d0e3e19b54d50dbb0b477a65b35d0
2445409,Tovarishchi,,1,1935.0,,T162,,,,,a238f917b66d0a38c617acf7c21bb74c
2000151,"Jia you, Zhong Guo dui!",,1,1985.0,,J2523,,,,,45470efd65c3dbaaaa62c33f3479a519
1356280,The Korean War: Fire and Ice,,2,1999.0,,K6561,,,,1999-????,adbf493676125e41b2e899526093d631
1057612,Lina Morgan,,7,1992.0,,L5625,1057596,,,,3b4eee022211062079bc9a83f26954e4
832982,Big Tymers: #1 Stunna,,7,2000.0,,B2356,832962,3,6.0,,109f48d65481592b0f8e870baf9665d2
1824945,Devil May Care,,1,2012.0,,D1452,,,,,ef0802236bfe61c70a4874bfacb26500
1836214,Diwana,,1,2010.0,,D5,,,,,fd5c05c98261222e3060ba47bfbe7576
1532601,Rahan puutteessa on moni köyhtynyt,,7,2012.0,,R5132,1532427,2,56.0,,4302a2601a36a9a499446fb998b16afa
1036258,Voor de eer van pluym,,7,,,V6361,1036138,11,3.0,,028504c801c058e4fd40f984d1854864
1910229,Gamemaster,,4,1997.0,,G5236,,,,,7828a043a87e21aed1f193e4831bb9b7
1841206,Doorways the Movie,,1,2011.0,,D6235,,,,,0f8767bb216f3557fb1e54b246879453
266848,(2004-09-17),,7,2004.0,,,265276,,,,755a5a1708061e1bf9875cbd008f2fba
1097826,(#10.21),,7,2009.0,,,1097802,10,21.0,,ef203d86722ef9930168048342b068cd
460915,The Coward,,7,1955.0,,C63,460900,,,,c6e3915104351c2d8e77b6a88e66a0fe
3565,Femme capable,,7,2010.0,,F5214,3556,,,,382223cf1f146c156be9c6f0477c5be4
1236625,Traumjob Fotograf,,7,2007.0,,T6521,1236524,,,,c7ca235166cb54f4db2b254bba5a77ea
1708769,Bad Dads,,1,2011.0,,B32,,,,,a4d32ed85640b899581d3172b9be3e1e
1796520,Cum Swallowers,,4,2005.0,,C5246,,,,,21979ea8b378d05ffb9a62a7c024fbe7
427081,(2010-05-19),,7,2010.0,,,426055,,,,128b6b4810e48104a090ce2e34c0decd
2050345,Labbað um Lónsöræfi,,1,1965.0,,L1545,,,,,65d67969c2a25c7defe349d7995a1d0c
452543,Geständnis eines Toten,,7,1991.0,,G2353,452514,4,3.0,,b813cccb29a123c9fa12756efe05b2a2
2075246,Lil Town,,1,2011.0,,L435,,,,,74735f65dca7074d284107abfc7aa492
471556,Toilet Living,,7,,,T4341,471430,,,,0766ffa629ed5a80acc9497546a7bfe8
269659,(#1.1145),,7,1972.0,,,269496,1,1145.0,,4fe9494c65d4c76444f32e19309b8ae7
1547934,The Beginning,,7,2013.0,,B252,1547926,,,,e234a6249ef22e0cc4f60963bfbcc769
1085241,Rick & Olli als Ärzte,,7,2006.0,,R2426,1085235,1,4.0,,1fe70d895383e24fdc39dcdea4ed587e
822875,Bisikleta,,7,2009.0,,B243,822821,,,,5d403da9b5c6361ab11be2709e101367
1487327,Epic Experiment,,7,2012.0,,E1216,1487323,1,9.0,,72ab69688194241e0b42f10cb0bb7857
2389072,The Love Punch,,1,1930.0,,L152,,,,,1779ed3d8215a041b1fcd01fbdda517e
1687069,Andromeda Memories,,4,2006.0,,A5365,,,,,8ca1483aa0b51e199592e8a85dd8f62f
1612832,(1953-05-02),,7,1953.0,,,1612826,,,,5e938797dc0dcc1022850ab962d5f269
1083188,The Plague Dogs,,7,2012.0,,P4232,1083170,1,4.0,,e6d49581fb30b3495beb8e022b5eed5e
699202,Hito o suki ni naru to iukoto,,7,2011.0,,H3256,699199,1,7.0,,9dde27fe732581a7f3684e20413cc0bd
184049,(#1.1343),,7,,,,184043,1,1343.0,,51322ca681cac5b2d1b7afe369ab0670
2493723,What About the Bodies,,1,2003.0,,W3131,,,,,59838fb7a59cad441e58ce8770a75e17
869610,Gone Fishin',,7,1998.0,,G5125,869597,2,14.0,,42af03317227b90c3c873b14be21e571
1592872,Todsicher,,7,1995.0,,T326,1592722,4,1.0,,4acb9c94492d2832c57ca09b1532dcde
981676,Out to Lunch,,2,1999.0,,O3452,,,,1999-????,8e2d22fdc72dc6763adc69d01b89b84c
2311093,Stars by the Window,,1,2004.0,,S3621,,,,,2878a01dc77a348743c06b1d36035ca1
1317358,(#4.94),,7,1970.0,,,1317301,4,94.0,,52c6c475bc27ee8f31a045df4f035373
2339593,TerrorStorm: A History of Government-Sponsored Terrorism,,4,2006.0,,T6236,,,,,4968551b435c0529972bb6668ee7263e
121758,Back in the Day,,2,2006.0,,B253,,,,2006-????,04c0ab96c202d911568905875eb0001a
736318,Leonel se entera que va a ser papá,,7,2011.0,,L5425,736289,1,3.0,,a193a57dfc1cc01542d5ef0774c38d7a
2484581,Vuk,,1,2004.0,,V2,,,,,eed94957f2731eda8803d111e756d8df
421181,(2006-06-26),,7,2006.0,,,420960,,,,788f897d7643d18066d47f6056e086d9
1358426,(#2.180),,7,2006.0,,,1358194,2,180.0,,55395d7e83cc35c9b6f3a2d305f5b064
1510048,(2012-12-29),,7,2012.0,,,1510027,,,,c04824db33ff6ad14f86ea4337bc87fb
1009095,(#1.1),,7,2012.0,,,1009094,1,1.0,,836b7361b48b4dd187a6d09bc9911d2b
1815568,Delusions,,1,2009.0,,D4252,,,,,17baea81b4550b358fc3f7bfb7147349
419688,(2005-08-01),,7,2005.0,,,419581,,,,146ee6ab68fb4e083e2f896a24593015
515458,(#1.12268),,7,2011.0,,,513605,1,12268.0,,739722ebda7dd31f637b4fdd78f6b76b
792835,Leeds United v Derby County,,7,2004.0,,L3253,792820,3,1.0,,1a501ea580f6655a512835c22de7094c
2235521,"Recruits of the 69th Regiment, N.G.S.N.Y.",,1,1898.0,,R2632,,,,,5eea42fbd90ae9aef15dd8adcde7f128
755412,Iranian President Mahmoud Ahmadinejad!,,7,2010.0,,I6516,754434,,,,ecb9d4d1aa43fc5419ebe1a0ffb53558
1964973,Hvil I Fred,,1,2004.0,,H1416,,,,,c528c73c2929ea3e84cd523dba699eed
1245761,(2011-06-06),,7,2011.0,,,1244599,,,,0da9c16922d230bcbd0470ee006af550
1345654,(#8.162),,7,2012.0,,,1345451,8,162.0,,15c32a4f79fad5ffa5d84eed15856cc9
21104,Carpe Diem: Part 2,,7,1993.0,,C6135,20918,13,68.0,,a631aabe4483504c01e29ecc77b3d6eb
1544737,VH1 Soul Soulstage,,2,2007.0,,V2424,,,,2007-????,24e3550ef2ad70e74d68720e0745de5d
1148822,Permanent Residence,,7,1956.0,,P6536,1148772,1,3.0,,1e34f96fd19ec66861b349feb530b830
272391,(#1.3608),,7,1993.0,,,269496,1,3608.0,,e157069e2bca7a587bf24874c6473c38
517480,(2009-05-30),,7,2009.0,,,517143,,,,7103e71fe67c14f60409d36288110e8b
2009852,Kaidan botan-dôrô,,1,1955.0,,K3513,,,,,36cc42f0a000d6c5be20aade1ca9bfd3
645230,(1998-07-14),,7,1998.0,,,644229,,,,b89167b05492b03b777185e675be77bd
2018416,Kidnapped,,1,1987.0,,K3513,,,,,53b45a74af51b263b765307d4eec73c4
758935,(2013-04-08),,7,2013.0,,,757854,,,,71793f3beefe28f84105d86d31eb2622
1867043,En avoir (ou pas),,1,1995.0,,E5161,,,,,d3124f4417be8dcbcb869a638f1cce22
79390,The Black Death,,7,1997.0,,B423,79332,4,25.0,,13cea163e981ebcba6d75d4c2f6f950f
157468,(#1.19),,7,2008.0,,,157457,1,19.0,,d09f95462f09dcd6d04a0ec3364e9d5c
1087705,Jungle Killer,,7,2011.0,,J5242,1087677,3,7.0,,c6a52ca98ebbefec7c54986115c62294
1675181,All About Darfur,,1,2005.0,,A4136,,,,,e83b043994b403a56dcb13d431ceb28b
1223009,(1968-05-01),,7,1968.0,,,1222059,,,,657192b5999c0ec116f42273b30abbe3
2275930,Sex and the Kitchen,,3,2013.0,,S2532,,,,,b6fa6680405f957f1b1b5863e2dd575a
1133553,Bad Water,,7,1993.0,,B36,1133549,1,8.0,,24fd71f102c0eb3cf3f10df57325357d
1093593,(2008-01-14),,7,2008.0,,,1093211,,,,5b67314566686cc79b33c18c7af562e3
2369016,The First 100 Years: A Celebration of American Movies,,3,1995.0,,F6236,,,,,865a855448405915b95533ff2f8db584
2353420,The Bumblebee Flies Anyway,,1,1999.0,,B5141,,,,,960483eef539f25a032e239ad9412f29
125673,The Three Million Dollar Piracy,,7,1973.0,,T6545,125659,2,3.0,,4ac197abba8a83d2eba0b7bb3faa7f93
2006045,Julie's Story,,1,1984.0,,J4236,,,,,09e85bbc19027a4f7e9519b7c2b7975a
257785,Enemies,,7,2006.0,,E52,257771,4,14.0,,d9bed3e94648ffed587fe55399b89f17
670379,You Let Me Down When You Flash Your Stuff All Over Town!,,7,2001.0,,Y4353,670344,,,,bbf21f116a60e49648bccda5b85546f7
832733,Two Tears in a Bucket,,7,2008.0,,T3625,832720,2,2.0,,599ba09cbfcbebd303e700e7875dffbb
422442,Apartamento 747: Los yuppies irán al cielo,,7,1989.0,,A1635,422433,,,,0708767179cc8051907b2e391246d759
2235700,Red and White Roses,,1,1913.0,,R3536,,,,,b96200b79da69dfe23ab0607c57845c9
1410312,The Roller Girls,,7,1978.0,,R4626,1410308,1,3.0,,8523beff416a5c72b7ad158b3cfd6bc4
256732,Baltimore Comic Con 2010: Part 1,,7,2010.0,,B4356,256731,1,1.0,,9242812b639c5289e4c2e4c67f6fe684
1595248,(2000-11-03),,7,2000.0,,,1594823,,,,0169e5815e6a4bcd84c2766778925089
1870062,Entourage: Episode II,,4,2005.0,,E5362,,,,,bcd9ed0ab4ee68b6d274902ad40fd6d9
2283748,Sholay Aur Toofan,,1,1994.0,,S4631,,,,,0b2029da2142bf23c2f220eaaa3e676d
30940,A Woman of Independent Means,,2,1995.0,,W5153,,,,1995-????,fc6a54a6e9e4b55bb8ac3a74e49dfcc5
1001037,(#1.1982),,7,2007.0,,,1000381,1,1982.0,,92fc518db4d827a754414eac429cd8fd
1893653,Flame of Calcutta,,1,1953.0,,F4512,,,,,560b4f8f51cdbd8e77b4e6a9018afb72
2057485,Le chevalier de Pardaillan,,1,1962.0,,C1463,,,,,6960bc2eec937ea416ca598bf6801891
206402,Carfellas,,2,2011.0,,C6142,,,,2011-????,19c899b60c0419da5d96c96188ecc0f2
2305185,Specimen 1111,,1,2010.0,,S125,,,,,e3200e456a36f716e7f9cbd3262e25fd
482075,Requiem,,7,2001.0,,R25,482039,3,17.0,,2550dcf7bb7bc2781395a0e31ae0faff
1182436,The Dramatics/Barbara Mason/Ben E. King,,7,1975.0,,D6532,1181799,4,31.0,,927d70db2c986c2169a5c0d5ed332c25
1749321,Buddies 1: Moving In,,4,2006.0,,B3251,,,,,ec41c9df157319cf74343af3aa217fca
2353386,The Bullfighters,,1,1945.0,,B4123,,,,,2ef9634b02669a14c526cf09511e4e9f
1237478,(#1.2),,7,2008.0,,,1237475,1,2.0,,d88f0680a88cd90a4933bfd93a79f941
688444,(2013-04-05),,7,2013.0,,,688033,,,,fbf27697a8cfd660c05b6e7f837c5eda
921398,(#1.1366),,7,1991.0,,,920989,1,1366.0,,9f9ed07a28000a8ac9bdf03c9e1a1d53
1463745,Trade Union Conference,,7,1959.0,,T6352,1462946,,,,1a90a2403afb3859cbaf42d37429bec9
1257102,Die tödlichen Stunden,,7,1974.0,,T3425,1257100,1,10.0,,e6b5dac571f59d3dbd52fb036ef2894c
174902,Chapter Eight,,7,2000.0,,C1362,174901,1,8.0,,1e8a66d74416ee07206b242048bc0d6b
1853735,Educating Tricia,,1,1984.0,,E3235,,,,,260922524da52bd1e0877939d031525f
2229342,Racing Luck,,1,1941.0,,R2524,,,,,64c9ccfb91d8eb5cd5c1ddc52877389a
2301513,Sonmai,,1,1977.0,,S5,,,,,431ad25e7b88f4414ee2279e2807b87d
2212085,Portrait of a Miner,,1,1966.0,,P6363,,,,,a364b158988f0891ffd9f0a7a029420a
720402,That Time in Havana,,7,1965.0,,T3515,720373,2,14.0,,75321b44fa59d1a96e6c81f84e159513
968845,(2007-04-12),,7,2007.0,,,968525,,,,9b3bfaa642a10f0f14108a47efdff607
1943064,Hedge of Heart's Desire,,1,1916.0,,H3216,,,,,b9d896d4eab7d133afb0fbee565033d4
1659017,A Total Loss,,1,1927.0,,T342,,,,,141e0a59f2f81e8bfda222b428b6c109
1126671,A New Beginning,,7,2013.0,,N1252,1126670,1,1.0,,a94e8cec716f4d3021d8f9f60450404a
603960,(#1.72),,7,1988.0,,,599479,1,72.0,,2e074376c968549970b57374f60c7d3a
2064129,Leckdonalds,,1,1995.0,,L2354,,,,,86f2d983ec5ee3cfd5f4374515848f44
1250942,(1999-08-13),,7,1999.0,,,1249971,,,,e6504a6ec147a0537caeb8e257e63209
1436561,(#5.9),,7,1987.0,,,1436440,5,9.0,,01f9a70625cd0034e968bf2cf488097e
82046,Paeng Is Frustrated and Sets a Plan to Stop Angelito from Seeing Mac-mac,,7,2012.0,,P5216,81903,2,67.0,,f95806113c7b4cc4321f86987c44eae1
1869550,Ennemis intimes,,1,1987.0,,E5253,,,,,2d77b6adb0be539f68d4dd5e3b538f00
534660,Aflevering 4427,,7,2012.0,,A1416,532680,22,122.0,,e5e69f73fd3b961f1cb274a58651689a
2191838,Partizanske kolone,,1,1958.0,,P6325,,,,,345a8acad983aa17cd9de0f701300a5a
993230,(2009-08-12),,7,2009.0,,,992287,,,,83028066c7eaa6c62f0a242d742274c2
1207340,Misdiagnosis Murder,,7,2003.0,,M2325,1207261,4,6.0,,e0188d11b65b31133f17a3e3fc7cd91c
1197909,(1980-10-22),,7,1980.0,,,1197879,,,,1ea4c76f02bdce8672e10ececcb314a5
873438,Kimberly,,7,2007.0,,K5164,873417,3,3.0,,b7c6410eaab1455f9bb57a16d57a330a
1993501,J'aime les Belges! - Brel,,3,2008.0,,J5421,,,,,0f9db9880868dce21314889071c61dda
1258336,(#1.36),,7,2006.0,,,1258192,1,36.0,,1f8547b645730884f0bce8bde4ab3283
85302,(#1.8),,7,2001.0,,,84913,1,8.0,,89b721f00eadd0783b0736fcd8c73afc
497174,Encounters,,7,,,E5253,497165,,,,29f7dba0aa6844bc1e3029a42ae2dcdd
1173606,Blutsverwandte,,7,2011.0,,B4321,1173591,6,13.0,,be0748d22beb42669de3c57714a53c67
417950,(2000-03-09),,7,2000.0,,,417783,,,,e4982e78bc9996dd59f6adb302033e35
1145777,(#1.5),,7,2001.0,,,1145772,1,5.0,,1d700580134eb16841f366bb476b705c
1964404,Hur gör man glas? (Maskinell),,3,1970.0,,H6265,,,,,d21ee864c7f509e6aebfac8c2f37400a
2314260,Stoners on a Mission,,1,,,S3562,,,,,fd06ed2a9f97f31601c819128f0e06fb
1328480,Aqua Roadshow,,7,2008.0,,A2632,1328479,2,9.0,,ee8d065ec65e657245912d0d2cb4e53e
1858275,El chogui,,1,2001.0,,C2,,,,,73211aca4a619f241f0dd55472c11065
567497,Christopher Reeve,,7,2004.0,,C6231,567467,,,,58c8a6b218f66992eb73583b59467b89
693439,Borrowing Clothes,,7,2013.0,,B6524,693400,7,19.0,,e551cb38bf8b03822e8b8c7e5b57e74a
1273067,"It's the Emotions, Stupid!",,7,2007.0,,I3235,1272992,,,,bff7075a7582d9e8a2d913d29c08911b
224020,Chartbusting 80s,,2,2000.0,,C6312,,,,2000-????,09013dd31c6c10ecfec0b1d171f01f5a
15337,(#1.1),,7,2002.0,,,15336,1,1.0,,656cc350f33db08b2d7d5d2fedbba086
637392,Gewinn und Verlust,,7,1993.0,,G5316,637376,1,12.0,,2ca802913af77256d9cf3f6d7ab3edf9
2514778,Young Buffalo Bill,,1,1940.0,,Y5214,,,,,85b6bdbab6f7dc5ef335432e15a83bd0
1581611,Who is Billie Mackenzie?,,2,2011.0,,W2145,,,,2011-????,aee7958a1d737f83bfba10a0c6fdf473
1936514,Hans Christian Andersen: My Life as a Fairy Tale,,3,2003.0,,H5262,,,,,a770d29d868dc7c9a7a136f1a9a6623a
339925,"Zerstörerische Dana, Giftzwerg Tabs",,7,2009.0,,Z6236,339878,2,3.0,,730effa997be0158bbaa2ccd414af2a5
491231,Fortune Sun,,2,2013.0,,F6352,,,,2013-????,1bc1918ddb3a50dcc837f2374cffc510
1026744,(2006-06-04),,7,2006.0,,,1026641,,,,cd16a8b1f0ed5a695e64a5830b305b31
1132456,(#3.129),,7,2012.0,,,1132262,3,129.0,,9be8bd3923b549473691bbe07ae77a93
305658,Dance,,2,2010.0,,D52,,,,2010-????,89effd6dd4340c31048774db91ca33d4
689020,(1961-12-02),,7,1961.0,,,688968,,,,3fd479db123d81d4491b4bbc69f287bf
456367,A Whale of a Tiger,,7,2012.0,,W4132,456366,3,6.0,,0e747d3f193958a61a74a03a22b79bd2
1512111,Two Girls Named Smith,,2,1951.0,,T2642,,,,1951-????,44a6e81794ba5cb3e0a74384ac4b89ae
1852131,Easy Money,,1,1948.0,,E25,,,,,0b5e6b9027561339629f2e3ea4a27384
1265306,The Shakedown,,7,1975.0,,S235,1265272,1,17.0,,4c794d082d08f0c5a565169fec3ea30e
651000,Inside Space,,2,1992.0,,I5232,,,,1992-1999,448dd4b332b3cc15353c86a96b377195
1982113,In Therapy,,1,2010.0,,I5361,,,,,2fb33f83eb842809d7de88fa8dec173c
490825,Überraschungen,,7,1997.0,,B6252,490513,8,8.0,,06fb41ee4bc1775704a963fa3e3cfa76
2518660,Zenica,,1,1957.0,,Z52,,,,,1ad8ee4482b2d7c5d96b9515925a0ac3
88432,(1999-06-03),,7,1999.0,,,87087,,,,45a31e530a7cd339f517c1696884dc83
1849825,Dwa zebra Adama,,1,1964.0,,D2163,,,,,c99dcab9ae6b28c7cd6e7ef497450cb0
1354781,Heros or Hoodlums?,,7,1989.0,,H6263,1354742,,,,1aae0f68b9a70c765bb14b480f766be7
1098411,(#10.14),,7,2003.0,,,1098402,10,14.0,,9b8345db22ad53333accbfe9ea5137ed
1660669,A Woman of Good Character,,1,1980.0,,W5123,,,,,f2b374aa67ab895cf5833b9850bda184
2075232,LiL DPC 2: The Life of a Don,,1,2011.0,,L4312,,,,,a559b4042bd3c637c99b6919c258b421
1254138,(2001-12-25),,7,2001.0,,,1251514,,,,d785d51d08a8ea5ea07807f4b1ee9c76
1480886,(2012-02-01),,7,2012.0,,,1478911,,,,ba1bd53efcd589c75809adbe07f9384d
2259451,Samaritan,,1,2013.0,,S5635,,,,,34843ad2acb1cfda95644113fbbea88d
835450,Clown Becomes Peeping Tom. Busted by Sexy Sister,,7,2012.0,,C4512,835426,3,2.0,,c95d6f99d48906a2a82cb111f72de091
1100356,Family Reunion/Grandpa's Date,,7,1992.0,,F5465,1100287,2,8.0,,48ea50fb2097a77bf6961a603b946385
812265,Jin Has a Temper-Tantrum on the Golf Course,,7,2008.0,,J5235,812261,1,11.0,,852a4e369074359be2cf1cf4c6be712a
1057611,José Sacristán,,7,1992.0,,J2623,1057596,,,,a915886ebdc28f815ee8de13bf6300ea
2474494,Vchutemas,,1,1984.0,,V2352,,,,,202b1507818b7957a83bc4064297d487
620644,(1997-10-16),,7,1997.0,,,620172,,,,53b26f9e53197e74a08b661be3ef544b
945520,(1995-06-08),,7,1995.0,,,945294,,,,f5dab834e111275133742670e3d76bac
854910,Meet the Preppers: My Pink Pistol,,2,2012.0,,M3161,,,,2012-????,9769f932c2eec3e5390b6df89cad4d46
2216717,Pria,,1,2005.0,,P6,,,,,a0c64d63dd67d9452aed470a5446dba6
2138739,My Lady's Garden,,1,1934.0,,M4326,,,,,f5639b51d5c2a658429f1eb216b9cce9
2280228,She,I,1,2012.0,,S,,,,,9ec689e25be369ab3b34b87d92024cd1
411736,(2004-10-05),,7,2004.0,,,411079,,,,783f63ad47c6feed9a96122fb722a5f2
1565344,(#2.4),,7,2007.0,,,1565329,2,4.0,,d01c58027ebd8b2a26a5f1c5f34c6cbe
642478,Susan & Jeff,,7,2012.0,,S2521,642391,6,5.0,,3911f9d4836d58deaaba69898f142a5c
2072232,Lian zhi huo,,1,1956.0,,L52,,,,,76065efd80cc2c38530df37b8844ea6f
2035646,L'île de la jeune fille bleue,,3,1984.0,,L3425,,,,,5787e4632cd4e2d4097ab6c21e264df4
1357327,The Last Detective,,2,2003.0,,L2323,,,,2003-????,f498416802ee6aeda23e11d91f155795
101743,Some Saxon Women,,7,1973.0,,S525,101733,2,4.0,,754fc71f6339d1ac120c0c0a02fcd380
173207,Spencer Overton,,7,2006.0,,S1526,172759,,,,f9ef92f614f8498140d5faa165faffcb
535411,Aflevering 865,,7,1995.0,,A1416,532680,5,115.0,,987b0ac7b26024638fb95e54f88e1bc6
788933,Gewissensqualen,,7,1996.0,,G2524,788275,1,555.0,,c4504b7cc6a19789352e8b65571564e4
2520802,Zombie Island,,1,2005.0,,Z5124,,,,,07e8b020932e60915ca9d2993ea39d43
854648,A Family Plot,,7,1999.0,,F5414,854647,2,8.0,,724364b491edd3f32d2cc2b98efa914a
1326866,(#1.1),,7,1984.0,,,1326865,1,1.0,,30aa6d12cafbefc4a95cd4aae03a0b75
1101905,The Chewing-Gum Disguise Operation,,7,1980.0,,C5253,1101810,4,14.0,,4799636088ed1da4b1899f98daed0db7
1470810,Coma,,7,2007.0,,C5,1470797,2,5.0,,c027f6d46090b3143f034a408c3cf3f6
2270358,Secret World of Young Nymphos 1,,4,2006.0,,S2636,,,,,09cd2e08bdfdb63aa0cfeb0b7013af46
1926898,Grandma's Boy,,1,2006.0,,G6535,,,,,2cdd05c292547108c81ca00878ced2bc
1098930,(#10.40),,7,2009.0,,,1098908,10,40.0,,7cf8b5dc1f45807401c5ed97b8908e0f
637161,The Hamster's House,,7,2008.0,,H5236,637151,1,8.0,,1c1e2e73fe939333b2dba438e273ad4c
1256919,(1999-03-29),,7,1999.0,,,1256862,,,,1c6463ac532ebb6c7c965afae37bec7e
431288,(#1.3733),,7,2004.0,,,430310,1,3733.0,,9db8738c3d8c66c5b2adc81ab9952b37
2347495,The Barnstormers,II,1,1915.0,,B6523,,,,,fa9a1faafdc1fa4e91ba0ca6d60b6a99
2138419,My Girlfriend's Back,,1,2010.0,,M2641,,,,,8e6cbda5a5b504053dd4f8d473184135
477764,The Mystery of Dogtopia and Catlantis,,7,2007.0,,M2361,477697,,,,fda69395f30e2799848045ff2ef61091
1500137,Oz Predator,,7,2011.0,,O2163,1500105,,,,31f36f259a416b24a6a98ea2c1cd54f4
1697825,Ascot Races Arrival of the Prince of Wales,,1,1897.0,,A2362,,,,,acc0b14cfc8b769c24f9e80d17e0ed5b
667718,(#1.138),,7,2012.0,,,667674,1,138.0,,d6b2c05f57998b7ac5d8392787885661
1740967,Boots for Tula,,1,2010.0,,B3216,,,,,eac612abd957999711f6d31329ef77d0
1151370,(#1.4),,7,2001.0,,,1151366,1,4.0,,edbb1b2b4c879d7c2f35ff9ab3f81163
1466090,Chili,,7,2006.0,,C4,1466051,1,3.0,,ccbd91c10d2e5d8a0a4ff9dcf86ea10c
474582,Football Tickets,,7,1954.0,,F3143,474496,1,4.0,,9c254c64e9913859aaaae51d52ffae0c
1740181,Boneshop of the Heart,,1,1991.0,,B5213,,,,,c6d394c6603c32a2b898ba1dd8e90a2f
1099105,(#2.5),,7,2006.0,,,1099071,2,5.0,,d0d33f2ebf2dccfcece883153918bc8d
2425427,The Warty Wooing,,1,1913.0,,W6352,,,,,85858ce2ac6e5738a50ba9368c3e1755
2468103,Unstable People,,1,2001.0,,U5231,,,,,0beca9c047ce55dd2a3d2ac21a2f709e
2250922,Rosen im Herbst,,1,1955.0,,R2561,,,,,51dfe8e8585b5e879747f6a166648190
1007960,Dylan '3D' Dresdow,,7,2011.0,,D4536,1007922,1,3.0,,c2de7a3c99f053f3a99f9d6c2a6a5f72
237086,(1988-01-13),,7,1988.0,,,237029,,,,d2b8e84fec30c02d9fb5d50e755822ee
807265,(1997-02-05),,7,1997.0,,,806955,,,,a497cbfdbff3dc7a03d418a7a517a586
597339,(1999-02-08),,7,1999.0,,,597251,,,,1e4d25bffedca2aa6a2833093bf2b37f
1164887,(2010-11-26),,7,2010.0,,,1164833,,,,a41087b87d50e988db76c683e26f1be4
1737086,Blue Nude,,1,1977.0,,B453,,,,,4f8d9382f19386f555278556d9b66be3
2482038,Vivre à Tazmamart,,1,2005.0,,V1632,,,,,65db95a3189732c63b28aabf452d3549
1509863,(2009-03-30),,7,2009.0,,,1509021,,,,3f96dbd61c6c3a3157462315a3e571c8
1930957,Gumuho man ang langit!,,1,1969.0,,G5245,,,,,28cfc1835790b2a4ea870334b7bb374a
2266852,Schwarze Perlen,,1,2008.0,,S2621,,,,,0b03c8af7a2286e8e1f80ba83bb9823e
2022654,Kleine Luder,,4,2004.0,,K4543,,,,,c83a4b62f1895a0f633010c2c687b04a
1662361,Abbey of Thelema,,1,2007.0,,A1345,,,,,8217c398aadd220f49fa98bba7527969
256575,Halcyon,,7,2011.0,,H425,256546,2,11.0,,7d81197109aca62d26827ac76fe1e3f6
2290479,Sirène de lune,,1,2008.0,,S6534,,,,,650ded8fa71ba2a5495d16bc1b6696b5
1518543,Am seidenen Faden,,7,2008.0,,A5235,1518537,7,1.0,,efb86dd0f7f6045cff1f150822e380c9
1758813,Caochang,,4,2011.0,,C252,,,,,b024146fd4a83107eddd868c897b1411
2050321,Lab Life,,1,2013.0,,L141,,,,,fc52b9eb8d8f33aac447015a4df51c52
1546878,Lungesvigt i luften,,7,2006.0,,L5212,1546681,15,10.0,,42be0dfe68cbf0dbe7df0c9618708767
517244,(2004-10-29),,7,2004.0,,,517143,,,,9d64aaff718591048abb3f0960f430dc
1740599,Boogeyman,,3,2012.0,,B25,,,,,a5b7548fb26d04cafb5148ca11976cba
1480133,(2007-08-28),,7,2007.0,,,1478911,,,,80fb3c8849eae4d9bec39d0655e9bb7c
469779,The Disciple,,7,1986.0,,D214,469634,4,13.0,,a09abe954c6f064d6eb8a9327c64f7d7
707399,Seoishi tsumi,,7,2003.0,,S2325,707374,1,24.0,,bc8ca3f76e3c50045cc66cc1203a6cf3
655464,15 settembre 2011,,7,2011.0,,S3516,655456,3,1.0,,efa8fc0ec84325d405af700f55e99ce8
1273271,(#2.49),,7,2005.0,,,1273225,2,49.0,,c8e62ed9ad150b9f9306aa5d08b3e9e9
2510624,Yamata,,1,1986.0,,Y53,,,,,77a9f1a6229cd6d799df77470b1a92dc
335625,(2010-04-05),,7,2010.0,,,335477,,,,93e4de47b8464e1b405592a70ac8596c
175515,(#2.8),,7,2008.0,,,175404,2,8.0,,639ee8b7e68d1a9d063859e6d10c5550
733586,(2004-11-08),,7,2004.0,,,732001,,,,24a8667c22faa13d743bb8936a863ac4
2081933,"Look Out World, Here I Come!: New York",,4,2009.0,,L2364,,,,,4b02add4cf3d21909b49bc2f6161b3ad
1717833,Beautiful/Nasty 3,,4,2005.0,,B3145,,,,,11215cc7f813ba93e1d79aba6cd61093
1388536,(2012-06-04),,7,2012.0,,,1381096,,,,2adf98d2cde6f4a20414ffddc62cf76e
1996092,Jana,,3,1970.0,,J5,,,,,477eecd332275182a0836ee7c9c55e95
1961881,How to ragga på girls at: Hemmafesten,,1,2012.0,,H3621,,,,,6296f8d461e31c898ab95da635eff364
1293098,(#1.5092),,7,2007.0,,,1289444,1,5092.0,,c5951b6d17ac315aa672bcce2ddcb0cc
2432344,This Side of Paradise,,1,1999.0,,T2316,,,,,df945bc5a480992f4acc17fb3b761b11
1010434,(#3.18),,7,1955.0,,,1010341,3,18.0,,ff72f944a2bc85165642d62d6125d9e6
717205,Koi saai ho haap,,2,1989.0,,K21,,,,1989-????,8560fdcaf085c87e32b44ddf7bd8e081
1468295,Trouble with Time,,7,1985.0,,T6143,1468168,1,7.0,,48d10c9cc4e390d3abd2d9714768d1cb
2038555,La crocetta d'oro,,1,1913.0,,C6236,,,,,689f3183b519c5ec781ef9a0073ab803
2369342,The Fishing Bear,,1,1940.0,,F2521,,,,,428d17f8cd3cb3f606bfb06c9b97c8aa
1218138,"Lights, Camera, Action",,7,1994.0,,L2325,1218110,1,9.0,,b96b717812ecf3b59784282537f65639
2260621,Sand in My Shoes,,4,2007.0,,S5352,,,,,9c0a54abb23fd62bfceb0b66d8b4f774
844023,The Ted and Georgette Show,,7,1977.0,,T3532,843875,7,16.0,,591deb15b635b3eb1917b3578387bb36
489376,Off Beat,,7,1954.0,,O13,489320,,,,726714cd2b8a7e184afcffd52149ebae
242041,Monsieur Mode,,7,,,M5265,241968,1,43.0,,912848418345c40068f747b7b1a6dd92
928584,Corrida aux Champs-Elysées,,7,1992.0,,C6325,928576,1,3.0,,b2e067ddf3bc62677d7932743360bd82
1687584,Ang pinakamahabang one night stand,,1,2006.0,,P5251,,,,,b04519a7f9cbc61ee56fc1493ce06419
1009444,Home,,7,2001.0,,H5,1009437,2,3.0,,1fd8e642b86f18dcae2d0167b83bcc0f
577530,True Blood's Kevin Alejandro,,7,2010.0,,T6143,577493,1,7.0,,ca13e9ec619100442e303d3202ad9af8
1472072,Dark Ages,,7,2005.0,,D62,1472065,3,13.0,,13f672e87a51a92a1caf4592d0d6c4b8
1847884,Dubai Seenu,,1,2007.0,,D125,,,,,c09e881516a79aedac902b3b258e98b0
600419,(#1.2057),,7,1996.0,,,599479,1,2057.0,,c2c664a54c0113dbef858e4d84ebb1b7
1853810,Edward Said: The Last Interview,,1,2004.0,,E3632,,,,,a478c85e3d818e2c9cb6ab96e896739f
2134469,Mukti,I,1,1977.0,,M23,,,,,9fd8d4d8f0772c23cd9b3b2a4e910447
1467259,(#14.5),,7,2008.0,,,1466193,14,5.0,,6f46271194ddaa47b5b078257f9cc2e9
4891,Jordan,,7,2012.0,,J635,4859,4,6.0,,22f16ccdca4b8c0131e49facd123963e
888023,Årets navn,,7,1994.0,,R3251,887882,3,14.0,,da99e651524857c6b2d3a580ed08b7fc
1669663,Aguazet seif,,1,1967.0,,A2321,,,,,9631662611ef52215b3617b2b003ac0c
1848585,Duke of Cambridge at the Richmond Horse Show,,1,1901.0,,D2125,,,,,5c6316f638e5b752414a13312bc8f23b
1980136,In Love's Own Way,,1,1915.0,,I5412,,,,,56cf486dc96ba952e1df9b629e868e33
15418,(#17.7),,7,2010.0,,,15336,17,7.0,,f9e323692af3a3ca637c677eb6123ebc
1686772,Anderland,,1,2003.0,,A5364,,,,,5e33415bfee414554abd3a051b72b6ea
2447247,Transformator,,1,1991.0,,T6521,,,,,76e72d4f404644e7a70721324e83ce40
2316969,Strife of Tongues,,1,2008.0,,S3613,,,,,19220b08ccb4b104df16f76768a60249
157276,Not Many Left,,7,2007.0,,N3541,157261,1,1.0,,bf09474a921e0d2f7b5ae9405698badb
373874,Watch the Birdie,,7,2005.0,,W3231,371445,7,11.0,,b62df4eedc7dceccbaaf1b54698cc32b
1118602,Koken met panne,,7,1997.0,,K2531,1118539,4,5.0,,b894ea2331f141c20cf92b001bd61911
1848966,Dungeon of Pain,,1,1978.0,,D5251,,,,,9f1b309161e2ee0dbc63ce1b19d121af
134664,(2009-04-24),,7,2009.0,,,134557,,,,375d3313b69c8e1e8b86c3cfcbb2b4cc
56618,(#1.5012),,7,1989.0,,,55774,1,5012.0,,be74a2ad6cb7fb7106bcceca9d9b3042
1434800,(#1.14),,7,2004.0,,,1434754,1,14.0,,3a17a3563b3ac45c2733ccba606eb9d0
2347742,The Battle for Moser River,,1,1995.0,,B3416,,,,,ab9113c6aa4975ace18a552aa16589eb
1815280,Delirium,VI,1,2013.0,,D465,,,,,042f629bcdca576f0e1fe837cfacffc8
2498737,Who Is Darla Crane,,4,2002.0,,W2364,,,,,b0bcd008c3f4ed7a8a18da135912900d
1015433,(2013-04-01),,7,2013.0,,,1014897,,,,ca73ff727eb28dc1d87a7ad891fcb482
693585,The Personal Side of JustKiddingFilms,,7,2010.0,,P6254,693400,4,32.0,,c58c8662ce684b7f6dce459703d69cde
2496137,When the Bough Breaks,,3,1986.0,,W5312,,,,,d78df732ddd6c2a34cf78d87bd6e804d
210394,Geminianos,,7,2009.0,,G52,210095,3,37.0,,9a5220e36d0836f19b5d70fd5c7333f8
1166172,Virtual Slide,,7,1998.0,,V6342,1166087,4,4.0,,fa31984fbd0b11013c7a3948e48e3bf0
1941115,He nan Song shan Shao Lin Si,,1,1981.0,,H5252,,,,,08d7a91123f5c7ae2fad486b4b57c5e8
1180797,Sorpresa 2002,,2,2002.0,,S6162,,,,2002-????,545dde02c20631e0ed5e167a925fa971
2330495,Take Flight,,4,2008.0,,T2142,,,,,40d7e06aefbd1c8d93580edf9664e95f
2009148,Kachikachi yama,,1,1917.0,,K25,,,,,1c4b78683ef699ed2b42c4e87a824c37
2458414,UCLA Quidditch,,4,2011.0,,U2423,,,,,f00f3d7a45e2fa3fcce788f585468fff
2316350,Street Ballad: A Jakarta Story,,1,2011.0,,S3631,,,,,3fd14fbe523cd02d3dd8c25dc792b176
1847752,Du sollst der Kaiser meiner Seele sein,,1,1928.0,,D2423,,,,,b38a05f5e2cab60df5d40fbad0173d4b
1021935,Don't Fool Around with the Man Upstairs,,7,1965.0,,D5314,1021927,1,11.0,,ba766e19fb6e4710640b4b4d8c3877e8
2056800,Le bifteck,,1,2001.0,,B132,,,,,0a966ed49b2f21f95108264ada344f80
2203302,Pimple's Motor Tour,,1,1917.0,,P5142,,,,,136ed873f4ecce59736cb1ee58220b66
2293251,Slave Zero,,6,1999.0,,S4126,,,,,1246278e24cc30d4ed97bf96e9e1b799
101004,Brazillian Carnival in Austin,,7,2006.0,,B6245,100979,2,4.0,,642b35b4b88f4733871347fa67c69d5f
2106473,Master-Sessions 4,,4,2007.0,,M2362,,,,,28d587d4eadfdc3018e9986d9a3f41ad
1481326,Today's Diver,,2,1993.0,,T3231,,,,1993-1994,c106545fd8ae3749c4c98e550a47bdb5
2367208,The Faithless Sex,,1,1922.0,,F342,,,,,6a158b1476332b688e8f5a196c6e3f23
1388720,5921K,,7,2012.0,,K,1381096,,,,699306190c00140e8b08c9e3fe19ddc4
2188534,Panoramic View of Mt. Tamalpais,,1,1902.0,,P5652,,,,,c201e39d419bbcbf047285d0f5310641
1271837,One Man's Meat,,7,1958.0,,O5253,1271795,3,19.0,,a23db9e7fc87f901eda17aa52a775b8c
125515,Nu är det vinter,,7,1966.0,,N6315,125511,1,6.0,,12dd3a34ed5e1c1bc85852589d141fc9
287097,(#4.24),,7,2012.0,,,286973,4,24.0,,ffc9fda06f2d5d722ee3984e093d2255
439095,(2008-01-22),,7,2008.0,,,438568,,,,5ebf108840eb59166c2c134f630915de
1079357,Bonnie and Claire,,7,1993.0,,B5324,1079349,2,8.0,,8b746665699921c32ed9dea8b1e7b090
503402,(1974-11-16),,7,1974.0,,,503400,,,,bc5480df8c155c378d71c5c73c2e9c2e
1455431,(#1.8852),,7,2008.0,,,1453086,1,8852.0,,9dfedb16fa2bb6c01b8a1c80cbf1ca10
1528924,Shark Attack,,7,2005.0,,S6232,1528818,,,,c2aa9519aa7780d3c9e43b5cfcb87429
1647582,A Diary for Timothy,,1,1945.0,,D6163,,,,,45a1d5888453918e8e18817f26d2949d
2177143,Only in L.A.,,1,2012.0,,O5454,,,,,995fea9e43167383048e1541a7fa1efe
2239684,Reportaje: Abonos,,1,1958.0,,R1632,,,,,2bccd0c237c7b17a5b1da6349a607a9f
1071000,(2011-08-23),,7,2011.0,,,1070941,,,,5c7ac38e1e069a8f0ef7bf13430656e8
1926647,Grand Prix,,6,1983.0,,G6531,,,,,b8b8e7f2d4d5b1b24deef549e5f0b1c8
1310892,Tito Ortiz/Jimmy Pardo/Carrie Keagan,,7,2005.0,,T3632,1309931,,,,c086e3020bbdeacd12eb78725ae74b60
290884,Memory Banks & Slow Motion,,7,2009.0,,M5615,290869,1,5.0,,3ebcf019c87d2370565db8de0ce73ff7
950647,Heißer Abriss,,7,2009.0,,H6162,950553,3,23.0,,d9c280ffaa70982163f46cd863083f51
78639,(1998-04-07),,7,1998.0,,,78428,,,,b11c32afdbafe1abb5d59a984d3d2eee
2180110,Origins,,1,2013.0,,O6252,,,,,b2e0e1ba4d14280d670643df9a3f889d
1712998,Baraye azadi,,1,1979.0,,B623,,,,,a8cdad40efdd95c78e383a76995fba71
1013165,(#4.82),,7,1968.0,,,1012716,4,82.0,,a7a06bf0f65925346d639509c334f23f
1914418,Geometry,,1,2008.0,,G536,,,,,6a2dce782cc6402e409d4dff593990fe
13002,Cristóbal ve la entrevista de Loreto,,7,2010.0,,C6231,12994,1,76.0,,4a06a14ab44d0df7d1f2822b90924b2a
1681131,American Hand,II,1,2012.0,,A5625,,,,,87b5165f6265ea2fb411e8fa994de86d
679989,(#1.182),,7,2011.0,,,679896,1,182.0,,068caa36aaed3316fb2d7903a93ff894
1595740,(2002-10-16),,7,2002.0,,,1594823,,,,c2608a01203683a6823187870672be33
1058644,(2006-05-18),,7,2006.0,,,1057737,,,,36df656077f048f9bf49d4f1ef52397a
486378,Forrest Wood Cup,,7,2012.0,,F6232,486374,,,,9d27e656ede88cb794716fa1ba11800c
508943,(#2.9),,7,1982.0,,,508914,2,9.0,,13f338d5a9cc3fe135248010b7d151bd
2270458,Secrets,II,1,2007.0,,S2632,,,,,c7ede0ff1f0c34bfa5d8f4765743ac65
762747,(1984-11-07),,7,1984.0,,,762635,,,,27715ef85ad9645b8ac2acd81a517bcd
502753,Come Hell or High Water,,7,2013.0,,C5462,502724,4,10.0,,41b5a454c0337efcf9d17aef8df1e2ff
1230738,Sykes and a Suspicion,,7,1961.0,,S2532,1230689,4,5.0,,7d2d0142a0a42d0fb9f48ba5bb4dc1bd
1098728,Träume,,7,2004.0,,T65,1098703,1,7.0,,de09fc1d150305729e78f2650ef36caa
1192836,(#7.4),,7,2011.0,,,1192757,7,4.0,,393861dc47d2daf774a9c034d8c3a77f
360752,Real Deal Italian,,7,2008.0,,R4343,360599,5,2.0,,86a39601b7d3571be6771cddfbbf4f6b
2267465,Scorsese on 'Age of Consent',,4,2009.0,,S2625,,,,,50808b53ca2b92b9722007a381a49e86
731326,(1997-03-22),,7,1997.0,,,731314,,,,4ee38a1f5deafaae2af6ffa88d2320a3
2062101,Le scaphandre et le papillon,,1,2007.0,,S2153,,,,,3a50a8e98dfc6d58f58ad75965be6d46
2368176,The Feud at Beaver Creek,,1,1914.0,,F3162,,,,,80ca03961aea07bd4b0510847b790657
1957650,Hopes for the Holidays,,3,1994.0,,H1216,,,,,83c54d619ca6a5dc9ea68e80fdf535da
302230,Geblitzter Flitzer,,7,2011.0,,G1432,301963,1,799.0,,a78b3a574e785779af26bc7d92a7a4fb
1029113,Rio de Janeiro,,7,1954.0,,R3256,1029102,,,,19865c21f25cb10cf1a94605254cc5b8
2321948,Super Angel,,1,2009.0,,S1652,,,,,822c32c6cf6706edcb4819d40907273f
450673,El niño del velero,,7,1965.0,,N3414,450503,,,,d8166b7b61f1d3ae0f502cfd0bdefb49
1635601,11: Selling Quality at Your Higher Price,,1,2006.0,,S4524,,,,,4874c35e08908cc13e299509745b0312
2226818,Quarter Life,I,1,2013.0,,Q6364,,,,,2559ff121bcca6315a0806d73007182f
2489526,Watermarks,,1,2004.0,,W3656,,,,,91c7cabe95b12dd592d1dd0c4dd1fc0e
1607634,Rustic Country Patio,,7,2009.0,,R2325,1607540,2,4.0,,124e954ae2f9f7ba029ed127fe384b0a
2153728,Night of the Cat,,1,1993.0,,N2313,,,,,0ae2ed6ccbb51ea079f716ed2afe293b
1979048,Imágenes del deporte Nº 44,,1,1972.0,,I5252,,,,,40f209f9f778219389a0940cd3b7a78b
349517,Kommen und gehen,,7,2003.0,,K5325,349309,1,292.0,,d29e43757f290a3a59df4ebff2ca8e6c
